,比赛,时间,主队,比分,客队
0,非洲预选,2017-11-12 23:30,加纳,1-1,埃及
1,非洲预选,2017-10-09 01:00,埃及,2-1,刚果
2,非洲预选,2017-09-06 02:00,埃及,1-0,乌干达
3,非洲预选,2017-08-31 21:00,乌干达,1-0,埃及
4,非国锦标,2017-08-19 03:00,摩洛哥,3-1,埃及
5,非国锦标,2017-08-14 01:00,埃及,1-1,摩洛哥
6,非洲杯,2017-06-12 06:00,突尼斯,1-0,埃及
7,国际友谊,2017-05-13 23:00,埃及,1-0,也门
8,国际友谊,2017-03-28 23:59,埃及,3-0,多哥
9,非洲杯,2017-02-06 03:00,埃及,1-2,喀麦隆
10,非洲杯,2017-02-02 03:00,布基纳法索,1-1,埃及
11,非洲杯,2017-01-30 03:00,埃及,1-0,摩洛哥
12,非洲杯,2017-01-26 03:00,埃及,1-0,加纳
13,非洲杯,2017-01-22 03:00,埃及,1-0,乌干达
14,非洲杯,2017-01-18 03:00,马里,0-0,埃及
15,国际友谊,2017-01-08 23:59,埃及,1-0,突尼斯
16,非洲预选,2016-11-13 23:59,埃及,2-0,加纳
17,非洲预选,2016-10-09 22:30,刚果,1-2,埃及
18,国际友谊,2016-09-07 01:00,南非,1-0,埃及
19,国际友谊,2016-08-31 02:30,埃及,1-1,几内亚
20,非洲杯,2016-06-04 21:00,坦桑尼亚,0-2,埃及
21,非洲杯,2016-03-30 01:00,埃及,1-0,尼日利亚
22,非洲杯,2016-03-25 23:59,尼日利亚,1-1,埃及
23,球会友谊,2016-02-27 23:59,埃及,2-0,布基纳法索
24,非洲预选,2015-11-18 00:30,埃及,4-0,乍得
25,非洲预选,2015-11-14 22:30,乍得,1-0,埃及
26,国际友谊,2015-10-12 01:00,埃及,3-0,赞比亚
27,非洲杯,2015-06-15 01:00,埃及,3-0,坦桑尼亚
28,国际友谊,2015-06-08 23:59,埃及,2-1,马拉维
29,国际友谊,2015-03-26 23:59,埃及,2-0,赤道几内亚
30,非洲杯,2014-11-20 03:00,突尼斯,2-1,埃及
31,非洲杯,2014-11-16 01:00,埃及,0-1,塞内加尔
32,非洲杯,2014-10-16 01:00,埃及,2-0,博茨瓦纳
33,非洲杯,2014-10-11 00:30,博茨瓦纳,0-2,埃及
34,非洲杯,2014-09-11 02:00,埃及,0-1,突尼斯
35,非洲杯,2014-09-06 04:00,塞内加尔,2-0,埃及
36,国际友谊,2014-06-05 03:00,牙买加,2-2,埃及
37,国际友谊,2014-05-31 08:40,智利,3-2,埃及
38,国际友谊,2014-03-06 01:30,波黑,0-2,埃及
39,球会友谊,2013-01-11 01:00,加纳,3-0,埃及
40,球会友谊,2011-11-15 01:00,巴西,2-0,埃及
41,国际友谊,2017-11-15 02:45,俄罗斯,3-3,西班牙
42,国际友谊,2017-11-11 21:00,俄罗斯,0-1,阿根廷
43,国际友谊,2017-10-10 23:59,俄罗斯,1-1,伊朗
44,国际友谊,2017-10-07 22:00,俄罗斯,4-2,韩国
45,球会友谊,2017-09-03 22:30,俄罗斯,3-0,莫斯科迪纳摩
46,洲际杯,2017-06-24 23:00,俄罗斯,1-2,墨西哥
47,洲际杯,2017-06-21 23:00,俄罗斯,0-1,葡萄牙
48,洲际杯,2017-06-17 23:00,俄罗斯,2-0,新西兰
49,国际友谊,2017-06-09 23:59,俄罗斯,1-1,智利
50,国际友谊,2017-06-06 02:30,匈牙利,0-3,俄罗斯
51,国际友谊,2017-03-28 23:59,俄罗斯,3-3,比利时
52,国际友谊,2017-03-24 23:59,俄罗斯,0-2,科特迪瓦
53,国际友谊,2016-11-15 23:59,俄罗斯,1-0,罗马尼亚
54,国际友谊,2016-11-10 23:59,卡塔尔,2-1,俄罗斯
55,国际友谊,2016-10-09 21:00,俄罗斯,3-4,哥斯达黎加
56,国际友谊,2016-09-06 23:59,俄罗斯,1-0,加纳
57,国际友谊,2016-09-01 02:30,土耳其,0-0,俄罗斯
58,欧洲杯,2016-06-21 03:00,俄罗斯,0-3,威尔士
59,欧洲杯,2016-06-15 21:00,俄罗斯,1-2,斯洛伐克
60,欧洲杯,2016-06-12 03:00,英格兰,1-1,俄罗斯
61,国际友谊,2016-06-05 23:59,塞尔维亚,1-1,俄罗斯
62,国际友谊,2016-06-01 23:59,捷克,2-1,俄罗斯
63,国际友谊,2016-03-30 03:00,法国,4-2,俄罗斯
64,国际友谊,2016-03-26 23:59,俄罗斯,3-0,立陶宛
65,国际友谊,2015-11-17 23:59,俄罗斯,1-3,克罗地亚
66,国际友谊,2015-11-14 22:00,俄罗斯,1-0,葡萄牙
67,欧洲杯,2015-10-12 23:59,俄罗斯,2-0,黑山
68,欧洲杯,2015-10-10 02:45,摩尔多瓦,1-2,俄罗斯
69,欧洲杯,2015-09-09 02:45,列支敦士登,0-7,俄罗斯
70,欧洲杯,2015-09-05 23:59,俄罗斯,1-0,瑞典
71,欧洲杯,2015-06-14 23:59,俄罗斯,0-1,奥地利
72,国际友谊,2015-06-07 23:00,俄罗斯,4-2,白俄罗斯
73,国际友谊,2015-04-01 01:00,俄罗斯,0-0,哈萨克斯坦
74,欧洲杯,2015-03-28 03:45,黑山,0-3,俄罗斯
75,国际友谊,2014-11-19 03:30,匈牙利,1-2,俄罗斯
76,欧洲杯,2014-11-16 01:00,奥地利,1-0,俄罗斯
77,欧洲杯,2014-10-12 23:59,俄罗斯,1-1,摩尔多瓦
78,欧洲杯,2014-10-10 02:45,瑞典,1-1,俄罗斯
79,欧洲杯,2014-09-08 23:59,俄罗斯,4-0,列支敦士登
80,国际友谊,2014-09-03 23:00,俄罗斯,4-0,阿塞拜疆
81,世界杯,2014-06-27 04:00,阿尔及利亚,1-1,俄罗斯
82,世界杯,2014-06-23 00:00,比利时,1-0,俄罗斯
83,世界杯,2014-06-18 06:00,俄罗斯,1-1,韩国
84,国际友谊,2014-06-06 22:00,俄罗斯,2-0,摩洛哥
85,国际友谊,2014-05-31 22:00,挪威,1-1,俄罗斯
86,国际友谊,2014-05-26 22:00,俄罗斯,1-0,斯洛伐克
87,球会友谊,2014-03-05 22:00,俄罗斯,2-0,阿美尼亚
88,球会友谊,2013-11-19 22:00,俄罗斯,2-1,韩国
89,球会友谊,2013-11-16 00:30,俄罗斯,1-1,塞尔维亚
90,欧洲预选,2013-10-16 01:00,阿塞拜疆,1-1,俄罗斯
91,欧洲预选,2013-10-12 02:30,卢森堡,0-4,俄罗斯
92,欧洲预选,2013-09-10 23:00,俄罗斯,3-1,以色列
93,欧洲预选,2013-09-06 23:30,俄罗斯,4-1,卢森堡
94,欧洲预选,2013-08-15 02:45,北爱尔兰,1-0,俄罗斯
95,欧洲预选,2013-06-08 03:45,葡萄牙,1-0,俄罗斯
96,球会友谊,2013-03-26 03:30,巴西,1-1,俄罗斯
97,球会友谊,2012-11-14 23:00,俄罗斯,2-2,美国
98,欧洲预选,2012-10-16 23:00,俄罗斯,1-0,阿塞拜疆
99,欧洲预选,2012-10-12 23:00,俄罗斯,1-0,葡萄牙
100,欧洲预选,2012-09-12 01:00,以色列,0-4,俄罗斯
101,欧洲预选,2012-09-07 23:00,俄罗斯,2-0,北爱尔兰
102,球会友谊,2012-08-15 23:00,俄罗斯,1-1,科特迪瓦
103,欧洲杯,2012-06-17 02:45,希腊,1-0,俄罗斯
104,欧洲杯,2012-06-13 02:45,波兰,1-1,俄罗斯
105,欧洲杯,2012-06-09 02:45,俄罗斯,4-1,捷克
106,球会友谊,2012-06-02 02:45,意大利,0-3,俄罗斯
107,球会友谊,2012-05-30 01:45,立陶宛,0-0,俄罗斯
108,球会友谊,2012-05-26 00:45,俄罗斯,1-1,乌拉圭
109,球会友谊,2012-03-01 02:45,丹麦,0-2,俄罗斯
110,欧洲杯,2011-10-12 01:45,俄罗斯,6-0,安道尔
111,欧洲杯,2011-10-08 02:15,斯洛伐克,0-1,俄罗斯
112,欧洲杯,2011-09-06 23:00,俄罗斯,0-0,爱尔兰
113,欧洲杯,2011-09-02 23:59,俄罗斯,1-0,马其顿
114,国际友谊,2017-11-15 03:45,奥地利,2-1,乌拉圭
115,国际友谊,2017-11-11 03:45,波兰,0-0,乌拉圭
116,南美预选,2017-10-11 07:30,乌拉圭,4-2,玻利维亚
117,南美预选,2017-10-06 05:00,委内瑞拉,0-0,乌拉圭
118,南美预选,2017-09-06 08:00,巴拉圭,1-2,乌拉圭
119,南美预选,2017-09-01 07:00,乌拉圭,0-0,阿根廷
120,国际友谊,2017-06-08 02:45,意大利,3-0,乌拉圭
121,国际友谊,2017-06-05 01:00,爱尔兰,3-1,乌拉圭
122,南美预选,2017-03-29 10:15,秘鲁,2-1,乌拉圭
123,南美预选,2017-03-24 07:00,乌拉圭,1-4,巴西
124,南美预选,2016-11-16 07:30,智利,3-1,乌拉圭
125,南美预选,2016-11-11 07:00,乌拉圭,2-1,厄瓜多尔
126,南美预选,2016-10-12 04:30,哥伦比亚,2-2,乌拉圭
127,南美预选,2016-10-07 07:00,乌拉圭,3-0,委内瑞拉
128,南美预选,2016-09-07 07:00,乌拉圭,4-0,巴拉圭
129,南美预选,2016-09-02 07:30,阿根廷,1-0,乌拉圭
130,美洲杯,2016-06-14 10:20,乌拉圭,3-0,牙买加
131,美洲杯,2016-06-10 07:30,乌拉圭,0-1,委内瑞拉
132,美洲杯,2016-06-06 08:00,乌拉圭,1-3,墨西哥
133,国际友谊,2016-05-28 07:00,乌拉圭,3-1,特立尼达和多巴哥
134,南美预选,2016-03-30 07:00,乌拉圭,1-0,秘鲁
135,南美预选,2016-03-26 08:45,巴西,2-2,乌拉圭
136,南美预选,2015-11-18 07:00,乌拉圭,3-0,智利
137,南美预选,2015-11-13 05:00,厄瓜多尔,2-1,乌拉圭
138,南美预选,2015-10-14 07:00,乌拉圭,3-0,哥伦比亚
139,南美预选,2015-10-09 04:00,玻利维亚,0-2,乌拉圭
140,国际友谊,2015-09-09 10:00,哥斯达黎加,1-0,乌拉圭
141,国际友谊,2015-09-05 09:35,巴拿马,0-1,乌拉圭
142,美洲杯,2015-06-25 07:30,智利,1-0,乌拉圭
143,美洲杯,2015-06-21 03:00,乌拉圭,1-1,巴拉圭
144,美洲杯,2015-06-17 07:30,阿根廷,1-0,乌拉圭
145,美洲杯,2015-06-14 03:00,乌拉圭,1-0,牙买加
146,国际友谊,2015-06-07 06:05,乌拉圭,5-1,危地马拉
147,国际友谊,2015-03-29 03:00,摩洛哥,0-1,乌拉圭
148,国际友谊,2014-11-19 08:10,智利,1-2,乌拉圭
149,国际友谊,2014-11-14 07:10,乌拉圭,3-3,哥斯达黎加
150,国际友谊,2014-10-13 22:30,阿曼,0-3,乌拉圭
151,国际友谊,2014-10-11 01:15,沙特阿拉伯,1-1,乌拉圭
152,国际友谊,2014-09-08 19:00,韩国,0-1,乌拉圭
153,国际友谊,2014-09-05 18:25,日本,0-2,乌拉圭
154,世界杯,2014-06-29 04:00,哥伦比亚,2-0,乌拉圭
155,世界杯,2014-06-25 00:00,意大利,0-1,乌拉圭
156,世界杯,2014-06-20 03:00,乌拉圭,2-1,英格兰
157,世界杯,2014-06-15 03:00,乌拉圭,1-3,哥斯达黎加
158,国际友谊,2014-06-05 07:30,乌拉圭,2-0,斯洛文尼亚
159,国际友谊,2014-05-31 07:30,乌拉圭,1-0,北爱尔兰
160,国际友谊,2014-03-06 03:30,奥地利,1-1,乌拉圭
161,世界杯附,2013-11-21 07:00,乌拉圭,0-0,约旦
162,世界杯附,2013-11-13 23:00,约旦,0-5,乌拉圭
163,南美预选,2013-10-16 07:30,乌拉圭,3-2,阿根廷
164,南美预选,2013-10-12 05:00,厄瓜多尔,1-0,乌拉圭
165,南美预选,2013-09-11 06:00,乌拉圭,2-0,哥伦比亚
166,南美预选,2013-09-07 10:30,秘鲁,1-2,乌拉圭
167,麒麟杯,2013-08-14 18:20,日本,2-4,乌拉圭
168,洲际杯,2013-06-30 23:59,意大利,2-2,乌拉圭
169,洲际杯,2013-06-27 03:00,巴西,2-1,乌拉圭
170,洲际杯,2013-06-24 03:00,乌拉圭,8-0,塔希提群岛
171,洲际杯,2013-06-21 06:00,尼日利亚,1-2,乌拉圭
172,洲际杯,2013-06-17 06:00,西班牙,2-1,乌拉圭
173,南美预选,2013-06-12 08:00,委内瑞拉,0-1,乌拉圭
174,球会友谊,2013-06-06 03:00,乌拉圭,1-0,法国
175,南美预选,2013-03-27 07:30,智利,2-0,乌拉圭
176,南美预选,2013-03-23 06:00,乌拉圭,1-1,巴拉圭
177,球会友谊,2013-02-07 02:00,西班牙,3-1,乌拉圭
178,球会友谊,2012-11-15 03:45,波兰,1-3,乌拉圭
179,南美预选,2012-10-17 04:00,玻利维亚,4-1,乌拉圭
180,南美预选,2012-10-13 08:00,阿根廷,3-0,乌拉圭
181,南美预选,2012-09-12 05:30,乌拉圭,1-1,厄瓜多尔
182,南美预选,2012-09-08 04:30,哥伦比亚,4-0,乌拉圭
183,球会友谊,2012-08-16 03:00,法国,0-0,乌拉圭
184,南美预选,2012-06-03 02:00,乌拉圭,1-1,委内瑞拉
185,球会友谊,2012-03-01 02:30,罗马尼亚,1-1,乌拉圭
186,南美预选,2011-11-12 06:00,乌拉圭,4-0,智利
187,南美预选,2011-10-12 06:45,巴拉圭,1-1,乌拉圭
188,美洲杯,2011-07-25 03:00,乌拉圭,3-0,巴拉圭
189,美洲杯,2011-07-20 08:45,乌拉圭,2-0,秘鲁
190,美洲杯,2011-07-17 06:15,阿根廷,1-1,乌拉圭
191,美洲杯,2011-07-13 08:45,乌拉圭,1-0,墨西哥
192,美洲杯,2011-07-09 06:15,乌拉圭,1-1,智利
193,美洲杯,2011-07-05 06:15,乌拉圭,1-1,秘鲁
194,海湾运,2017-12-28 23:30,沙特阿拉伯,0-2,阿曼
195,海湾运,2017-12-25 22:30,阿联酋,0-0,沙特阿拉伯
196,海湾运,2017-12-22 23:35,科威特,1-2,沙特阿拉伯
197,国际友谊,2017-11-14 01:00,保加利亚,1-0,沙特阿拉伯
198,国际友谊,2017-11-11 04:45,葡萄牙,3-0,沙特阿拉伯
199,国际友谊,2017-10-11 01:15,沙特阿拉伯,0-3,加纳
200,国际友谊,2017-10-08 01:15,沙特阿拉伯,5-2,牙买加
201,亚洲预选,2017-09-06 01:30,沙特阿拉伯,1-0,日本
202,亚洲预选,2017-08-30 00:30,阿联酋,2-1,沙特阿拉伯
203,亚洲预选,2017-06-08 18:00,澳大利亚,3-2,沙特阿拉伯
204,亚洲预选,2017-03-29 01:30,沙特阿拉伯,1-0,伊拉克
205,亚洲预选,2017-03-23 20:00,泰国,0-3,沙特阿拉伯
206,国际友谊,2017-01-10 23:00,沙特阿拉伯,0-0,斯洛文尼亚B队
207,亚洲预选,2016-11-15 18:35,日本,2-1,沙特阿拉伯
208,亚洲预选,2016-10-12 01:45,沙特阿拉伯,3-0,阿联酋
209,亚洲预选,2016-10-07 01:45,沙特阿拉伯,2-2,澳大利亚
210,亚洲预选,2016-09-06 19:00,伊拉克,1-2,沙特阿拉伯
211,亚洲预选,2016-09-02 01:30,沙特阿拉伯,1-0,泰国
212,国际友谊,2016-08-25 00:30,沙特阿拉伯,4-0,老挝
213,亚洲预选,2016-03-29 23:00,阿联酋,1-1,沙特阿拉伯
214,亚洲预选,2016-03-25 01:30,沙特阿拉伯,2-0,马来西亚
215,亚洲预选,2015-11-17 15:00,东帝汶,0-10,沙特阿拉伯
216,亚洲预选,2015-11-09 22:00,巴勒斯坦,0-0,沙特阿拉伯
217,亚洲预选,2015-10-09 01:00,沙特阿拉伯,2-1,阿联酋
218,亚洲预选,2015-09-08 20:45,马来西亚,0-3,沙特阿拉伯
219,亚洲预选,2015-09-04 01:40,沙特阿拉伯,7-0,东帝汶
220,亚洲预选,2015-06-12 02:00,沙特阿拉伯,3-2,巴勒斯坦
221,国际友谊,2015-03-30 23:30,沙特阿拉伯,2-1,约旦
222,亚洲杯,2015-01-18 17:00,乌兹别克,3-1,沙特阿拉伯
223,亚洲杯,2015-01-14 15:00,朝鲜,1-4,沙特阿拉伯
224,亚洲杯,2015-01-10 17:00,沙特阿拉伯,0-1,中国
225,国际友谊,2015-01-04 17:00,沙特阿拉伯,0-2,韩国
226,国际友谊,2014-12-30 16:00,巴林,4-1,沙特阿拉伯
227,海湾运,2014-11-27 00:45,沙特阿拉伯,1-2,卡塔尔
228,海湾运,2014-11-24 02:00,沙特阿拉伯,3-2,阿联酋
229,海湾运,2014-11-20 00:45,沙特阿拉伯,1-0,也门
230,海湾运,2014-11-17 01:15,沙特阿拉伯,3-0,巴林
231,海湾运,2014-11-13 23:59,沙特阿拉伯,1-1,卡塔尔
232,国际友谊,2014-11-06 23:59,沙特阿拉伯,2-0,巴勒斯坦
233,国际友谊,2014-10-15 01:15,沙特阿拉伯,1-1,黎巴嫩
234,国际友谊,2014-09-09 03:00,沙特阿拉伯,2-3,澳大利亚
235,国际友谊,2014-05-30 03:00,沙特阿拉伯,0-2,格鲁吉亚
236,国际友谊,2014-05-24 23:59,沙特阿拉伯,0-4,摩尔多瓦
237,亚洲杯,2014-03-06 01:30,沙特阿拉伯,1-0,印度尼西亚
238,球会友谊,2012-11-15 01:00,沙特阿拉伯,0-0,阿根廷
239,国际友谊,2017-11-15 04:45,葡萄牙,1-1,美国
240,欧洲预选,2017-10-11 02:45,葡萄牙,2-0,瑞士
241,欧洲预选,2017-10-08 02:45,安道尔,0-2,葡萄牙
242,欧洲预选,2017-09-04 02:45,匈牙利,0-1,葡萄牙
243,欧洲预选,2017-09-01 02:45,葡萄牙,5-1,法罗群岛
244,洲际杯,2017-07-02 20:00,葡萄牙,1-1,墨西哥
245,洲际杯,2017-06-29 02:00,葡萄牙,0-0,智利
246,洲际杯,2017-06-24 23:00,新西兰,0-4,葡萄牙
247,洲际杯,2017-06-18 23:00,葡萄牙,2-2,墨西哥
248,欧洲预选,2017-06-10 02:45,拉脱维亚,0-3,葡萄牙
249,国际友谊,2017-06-03 23:00,葡萄牙,4-0,塞浦路斯
250,国际友谊,2017-03-29 02:45,葡萄牙,2-3,瑞典
251,欧洲预选,2017-03-26 03:45,葡萄牙,3-0,匈牙利
252,欧洲预选,2016-11-14 03:45,葡萄牙,4-1,拉脱维亚
253,欧洲预选,2016-10-11 02:45,法罗群岛,0-6,葡萄牙
254,欧洲预选,2016-10-08 02:45,葡萄牙,6-0,安道尔
255,欧洲预选,2016-09-07 02:45,瑞士,2-0,葡萄牙
256,国际友谊,2016-09-02 02:45,葡萄牙,5-0,直布罗陀
257,欧洲杯,2016-07-11 03:00,法国,0-0,葡萄牙
258,欧洲杯,2016-07-07 03:00,葡萄牙,2-0,威尔士
259,欧洲杯,2016-07-01 03:00,葡萄牙,1-1,波兰
260,欧洲杯,2016-06-26 03:00,克罗地亚,0-0,葡萄牙
261,欧洲杯,2016-06-22 23:59,匈牙利,3-3,葡萄牙
262,欧洲杯,2016-06-19 03:00,葡萄牙,0-0,奥地利
263,欧洲杯,2016-06-15 03:00,葡萄牙,1-1,冰岛
264,国际友谊,2016-06-09 02:45,葡萄牙,7-0,爱沙尼亚
265,国际友谊,2016-06-03 02:45,英格兰,1-0,葡萄牙
266,国际友谊,2016-05-30 03:45,葡萄牙,3-0,挪威
267,国际友谊,2016-03-30 02:45,葡萄牙,2-1,比利时
268,国际友谊,2016-03-26 04:45,葡萄牙,0-1,保加利亚
269,国际友谊,2015-11-18 03:30,卢森堡,0-2,葡萄牙
270,欧洲杯,2015-10-11 23:59,塞尔维亚,1-2,葡萄牙
271,欧洲杯,2015-10-09 02:45,葡萄牙,1-0,丹麦
272,欧洲杯,2015-09-08 02:45,阿尔巴尼亚,0-1,葡萄牙
273,国际友谊,2015-09-05 02:45,葡萄牙,0-1,法国
274,国际友谊,2015-06-17 02:30,意大利,0-1,葡萄牙
275,欧洲杯,2015-06-13 23:59,阿美尼亚,2-3,葡萄牙
276,国际友谊,2015-04-01 03:45,葡萄牙,0-2,佛得角
277,欧洲杯,2015-03-30 02:45,葡萄牙,2-1,塞尔维亚
278,国际友谊,2014-11-19 03:45,阿根廷,0-1,葡萄牙
279,欧洲杯,2014-11-15 03:45,葡萄牙,1-0,阿美尼亚
280,欧洲杯,2014-10-15 02:45,丹麦,0-1,葡萄牙
281,国际友谊,2014-10-12 02:45,法国,2-1,葡萄牙
282,欧洲杯,2014-09-08 02:45,葡萄牙,0-1,阿尔巴尼亚
283,世界杯,2014-06-27 00:00,葡萄牙,2-1,加纳
284,世界杯,2014-06-23 06:00,美国,2-2,葡萄牙
285,世界杯,2014-06-17 00:00,德国,4-0,葡萄牙
286,国际友谊,2014-06-11 08:05,葡萄牙,5-1,爱尔兰
287,国际友谊,2014-06-07 08:30,墨西哥,0-1,葡萄牙
288,国际友谊,2014-06-01 02:30,葡萄牙,0-0,希腊
289,国际友谊,2014-03-06 04:45,葡萄牙,5-1,喀麦隆
290,欧洲预选,2013-11-20 03:45,瑞典,2-3,葡萄牙
291,欧洲预选,2013-11-16 03:45,葡萄牙,1-0,瑞典
292,欧洲预选,2013-10-16 01:00,葡萄牙,3-0,卢森堡
293,欧洲预选,2013-10-12 03:45,葡萄牙,1-1,以色列
294,球会友谊,2013-09-11 09:00,巴西,3-1,葡萄牙
295,欧洲预选,2013-09-07 02:45,北爱尔兰,2-4,葡萄牙
296,球会友谊,2013-08-15 03:30,葡萄牙,1-1,荷兰
297,球会友谊,2013-06-11 01:30,克罗地亚,0-1,葡萄牙
298,欧洲预选,2013-03-27 01:00,阿塞拜疆,0-2,葡萄牙
299,欧洲预选,2013-03-22 20:45,以色列,3-3,葡萄牙
300,球会友谊,2013-02-07 04:45,葡萄牙,2-3,厄瓜多尔
301,欧洲预选,2012-10-17 03:45,葡萄牙,1-1,北爱尔兰
302,欧洲预选,2012-09-12 03:15,葡萄牙,3-0,阿塞拜疆
303,欧洲预选,2012-09-08 02:45,卢森堡,1-2,葡萄牙
304,球会友谊,2012-08-16 04:00,葡萄牙,2-0,巴拿马
305,欧洲杯,2012-06-28 02:45,葡萄牙,0-0,西班牙
306,欧洲杯,2012-06-22 02:45,葡萄牙,1-0,捷克
307,欧洲杯,2012-06-18 02:45,葡萄牙,2-1,荷兰
308,欧洲杯,2012-06-13 23:59,丹麦,2-3,葡萄牙
309,欧洲杯,2012-06-10 02:45,德国,1-0,葡萄牙
310,球会友谊,2012-06-03 02:45,葡萄牙,1-3,土耳其
311,球会友谊,2012-05-26 23:59,葡萄牙,0-0,马其顿
312,球会友谊,2012-03-01 03:45,波兰,0-0,葡萄牙
313,欧洲杯,2011-11-16 05:00,葡萄牙,6-2,波黑
314,欧洲杯,2011-11-12 03:00,波黑,0-0,葡萄牙
315,欧洲杯,2011-10-12 02:15,丹麦,2-1,葡萄牙
316,欧洲杯,2011-10-08 04:00,葡萄牙,5-3,冰岛
317,欧洲杯,2011-09-03 02:45,塞浦路斯,0-4,葡萄牙
318,国际友谊,2017-11-12 04:30,西班牙,5-0,哥斯达黎加
319,欧洲预选,2017-10-10 02:45,以色列,0-1,西班牙
320,欧洲预选,2017-10-07 02:45,西班牙,3-0,阿尔巴尼亚
321,欧洲预选,2017-09-06 02:45,列支敦士登,0-8,西班牙
322,欧洲预选,2017-09-03 02:45,西班牙,3-0,意大利
323,欧洲预选,2017-06-12 02:45,马其顿,1-2,西班牙
324,国际友谊,2017-06-08 03:30,西班牙,2-2,哥伦比亚
325,国际友谊,2017-03-29 03:00,法国,0-2,西班牙
326,欧洲预选,2017-03-25 03:45,西班牙,4-1,以色列
327,国际友谊,2016-11-16 04:00,英格兰,2-2,西班牙
328,欧洲预选,2016-11-13 03:45,西班牙,4-0,马其顿
329,欧洲预选,2016-10-10 02:45,阿尔巴尼亚,0-2,西班牙
330,欧洲预选,2016-10-07 02:45,意大利,1-1,西班牙
331,欧洲预选,2016-09-06 02:45,西班牙,8-0,列支敦士登
332,国际友谊,2016-09-02 02:45,比利时,0-2,西班牙
333,欧洲杯,2016-06-27 23:59,意大利,2-0,西班牙
334,欧洲杯,2016-06-22 03:00,克罗地亚,2-1,西班牙
335,欧洲杯,2016-06-18 03:00,西班牙,3-0,土耳其
336,欧洲杯,2016-06-13 21:00,西班牙,1-0,捷克
337,国际友谊,2016-06-08 02:45,西班牙,0-1,格鲁吉亚
338,国际友谊,2016-06-01 22:30,西班牙,6-1,韩国
339,国际友谊,2016-05-29 23:59,西班牙,3-1,波黑
340,国际友谊,2016-03-28 02:45,罗马尼亚,0-0,西班牙
341,国际友谊,2016-03-25 03:45,意大利,1-1,西班牙
342,国际友谊,2015-11-14 03:45,西班牙,2-0,英格兰
343,欧洲杯,2015-10-13 02:45,乌克兰,0-1,西班牙
344,欧洲杯,2015-10-10 02:45,西班牙,4-0,卢森堡
345,欧洲杯,2015-09-09 02:45,马其顿,0-1,西班牙
346,欧洲杯,2015-09-06 02:45,西班牙,2-0,斯洛伐克
347,欧洲杯,2015-06-15 02:45,白俄罗斯,0-1,西班牙
348,国际友谊,2015-06-12 04:00,西班牙,2-1,哥斯达黎加
349,国际友谊,2015-04-01 02:45,荷兰,2-0,西班牙
350,欧洲杯,2015-03-28 03:45,西班牙,1-0,乌克兰
351,国际友谊,2014-11-19 03:45,西班牙,0-1,德国
352,欧洲杯,2014-11-16 03:45,西班牙,3-0,白俄罗斯
353,欧洲杯,2014-10-13 02:45,卢森堡,0-4,西班牙
354,欧洲杯,2014-10-10 02:45,斯洛伐克,2-1,西班牙
355,欧洲杯,2014-09-09 02:45,西班牙,5-1,马其顿
356,国际友谊,2014-09-05 03:00,法国,1-0,西班牙
357,世界杯,2014-06-24 00:00,澳大利亚,0-3,西班牙
358,世界杯,2014-06-19 03:00,西班牙,0-2,智利
359,世界杯,2014-06-14 03:00,西班牙,1-5,荷兰
360,国际友谊,2014-06-08 04:00,西班牙,2-0,萨尔瓦多
361,国际友谊,2014-05-31 04:00,西班牙,2-0,玻利维亚
362,国际友谊,2014-03-06 05:00,西班牙,1-0,意大利
363,球会友谊,2013-11-20 03:00,南非,1-0,西班牙
364,球会友谊,2013-11-17 05:00,赤道几内亚,1-2,西班牙
365,欧洲预选,2013-10-16 03:00,西班牙,2-0,格鲁吉亚
366,欧洲预选,2013-10-12 04:00,西班牙,2-1,白俄罗斯
367,球会友谊,2013-09-11 02:00,西班牙,2-2,智利
368,欧洲预选,2013-09-07 02:30,芬兰,0-2,西班牙
369,球会友谊,2013-08-15 04:00,厄瓜多尔,0-2,西班牙
370,洲际杯,2013-07-01 06:00,巴西,3-0,西班牙
371,洲际杯,2013-06-28 03:00,西班牙,0-0,意大利
372,洲际杯,2013-06-24 03:00,尼日利亚,0-3,西班牙
373,洲际杯,2013-06-21 03:00,西班牙,10-0,塔希提群岛
374,球会友谊,2013-06-12 08:00,西班牙,2-0,爱尔兰
375,球会友谊,2013-06-09 04:00,西班牙,2-1,海地
376,欧洲预选,2013-03-27 04:00,法国,0-1,西班牙
377,欧洲预选,2013-03-23 03:45,西班牙,1-1,芬兰
378,球会友谊,2012-11-15 05:30,巴拿马,1-5,西班牙
379,欧洲预选,2012-10-17 03:00,西班牙,1-1,法国
380,欧洲预选,2012-10-13 02:00,白俄罗斯,0-4,西班牙
381,欧洲预选,2012-09-12 01:30,格鲁吉亚,0-1,西班牙
382,欧洲杯,2012-07-02 02:45,西班牙,4-0,意大利
383,欧洲杯,2012-06-24 02:45,西班牙,2-0,法国
384,欧洲杯,2012-06-19 02:45,克罗地亚,0-1,西班牙
385,欧洲杯,2012-06-15 02:45,西班牙,4-0,爱尔兰
386,欧洲杯,2012-06-10 23:59,西班牙,1-1,意大利
387,球会友谊,2012-06-04 04:00,西班牙,1-0,中国
388,球会友谊,2012-05-31 02:00,西班牙,4-1,韩国
389,球会友谊,2012-05-26 23:59,西班牙,2-0,塞尔维亚
390,球会友谊,2012-03-01 04:30,西班牙,5-0,委内瑞拉
391,球会友谊,2011-11-13 01:15,英格兰,1-0,西班牙
392,欧洲杯,2011-10-12 02:45,西班牙,3-1,苏格兰
393,欧洲杯,2011-10-08 02:45,捷克,0-2,西班牙
394,欧洲杯,2011-09-07 04:00,西班牙,6-0,列支敦士登
395,国际友谊,2017-11-13 22:00,委内瑞拉,0-1,伊朗
396,国际友谊,2017-11-10 02:30,伊朗,2-1,巴拿马
397,国际友谊,2017-10-05 22:45,伊朗,2-0,多哥
398,亚洲预选,2017-09-05 23:00,伊朗,2-2,叙利亚
399,亚洲预选,2017-08-31 20:00,韩国,0-0,伊朗
400,亚洲预选,2017-06-13 00:45,伊朗,2-0,乌兹别克
401,国际友谊,2017-06-05 02:30,黑山,1-2,伊朗
402,亚洲预选,2017-03-28 20:00,伊朗,1-0,中国
403,亚洲预选,2017-03-23 23:59,卡塔尔,0-1,伊朗
404,亚洲预选,2016-11-15 20:45,叙利亚,0-0,伊朗
405,亚洲预选,2016-10-11 22:45,伊朗,1-0,韩国
406,亚洲预选,2016-10-06 21:00,乌兹别克,0-1,伊朗
407,亚洲预选,2016-09-06 19:35,中国,0-0,伊朗
408,亚洲预选,2016-09-02 00:30,伊朗,2-0,卡塔尔
409,国际友谊,2016-08-19 22:00,史帕尔,0-3,伊朗
410,国际友谊,2016-06-08 00:30,伊朗,6-0,吉尔吉斯斯坦
411,国际友谊,2016-06-03 01:00,马其顿,1-3,伊朗
412,亚洲预选,2016-03-29 22:30,伊朗,2-0,阿曼
413,亚洲预选,2016-03-24 22:30,伊朗,4-0,印度
414,亚洲预选,2015-11-17 13:30,关岛,0-6,伊朗
415,亚洲预选,2015-11-12 19:30,伊朗,3-1,土库曼斯坦
416,国际友谊,2015-10-13 21:30,伊朗,1-1,日本
417,亚洲预选,2015-10-08 22:30,阿曼,1-1,伊朗
418,亚洲预选,2015-09-08 21:30,印度,0-3,伊朗
419,亚洲预选,2015-09-03 22:30,伊朗,6-0,关岛
420,国际友谊,2015-06-11 21:00,乌兹别克,0-1,伊朗
421,国际友谊,2015-04-01 01:30,瑞典,3-1,伊朗
422,国际友谊,2015-03-27 03:00,伊朗,2-0,智利
423,亚洲杯,2015-01-23 14:30,伊朗,1-1,伊拉克
424,亚洲杯,2015-01-19 17:00,伊朗,1-0,阿联酋
425,亚洲杯,2015-01-15 17:00,卡塔尔,0-1,伊朗
426,亚洲杯,2015-01-11 17:00,伊朗,2-0,巴林
427,国际友谊,2015-01-04 15:00,伊拉克,0-1,伊朗
428,国际友谊,2014-11-18 20:55,伊朗,1-0,韩国
429,世界杯,2014-06-26 00:00,波黑,3-1,伊朗
430,世界杯,2014-06-22 00:00,阿根廷,1-0,伊朗
431,世界杯,2014-06-17 03:00,伊朗,0-0,尼日利亚
432,国际友谊,2014-05-30 20:00,伊朗,1-1,安哥拉
433,国际友谊,2014-05-27 00:30,伊朗,0-0,黑山
434,国际友谊,2014-05-18 20:00,伊朗,0-0,白俄罗斯
435,国际友谊,2014-03-05 22:00,伊朗,1-2,几内亚
436,亚洲杯,2014-03-03 22:00,伊朗,3-2,科威特
437,亚洲预选,2013-06-18 20:00,韩国,0-1,伊朗
438,亚洲预选,2013-06-11 23:30,伊朗,4-0,黎巴嫩
439,亚洲预选,2013-06-05 00:15,卡塔尔,0-1,伊朗
440,亚洲预选,2012-11-15 00:30,伊朗,0-1,乌兹别克
441,亚洲预选,2012-10-17 00:30,伊朗,1-0,韩国
442,亚洲预选,2012-09-11 22:00,黎巴嫩,1-0,伊朗
443,亚洲预选,2012-06-12 23:30,伊朗,0-0,卡塔尔
444,亚洲预选,2012-06-03 22:00,乌兹别克,0-1,伊朗
445,非洲预选,2017-11-12 01:30,科特迪瓦,0-2,摩洛哥
446,国际友谊,2017-10-10 21:30,韩国,1-3,摩洛哥
447,非洲预选,2017-10-08 03:00,摩洛哥,3-0,加蓬
448,非洲预选,2017-09-06 03:00,马里,0-0,摩洛哥
449,非洲预选,2017-09-02 04:00,摩洛哥,6-0,马里
450,非洲杯,2017-06-10 22:00,喀麦隆,1-0,摩洛哥
451,国际友谊,2017-06-04 21:45,卢旺达,3-0,摩洛哥
452,国际友谊,2017-06-02 22:30,卢旺达,2-0,摩洛哥
453,国际友谊,2017-06-01 01:30,摩洛哥,1-2,荷兰
454,国际友谊,2017-03-29 02:00,摩洛哥,1-0,突尼斯
455,国际友谊,2017-03-25 04:00,摩洛哥,2-0,布基纳法索
456,国际友谊,2017-03-24 00:05,摩洛哥,2-1,冈比亚
457,非洲杯,2017-01-25 03:00,摩洛哥,1-0,科特迪瓦
458,非洲杯,2017-01-21 03:00,摩洛哥,3-1,多哥
459,非洲杯,2017-01-17 03:00,刚果民主共和国,1-0,摩洛哥
460,国际友谊,2017-01-09 22:00,摩洛哥,0-1,芬兰
461,国际友谊,2016-11-16 04:00,摩洛哥,2-1,多哥
462,非洲预选,2016-11-13 04:00,摩洛哥,0-0,科特迪瓦
463,国际友谊,2016-10-12 03:00,摩洛哥,4-0,加拿大
464,国际友谊,2016-10-11 02:00,摩洛哥,2-1,约旦
465,非洲预选,2016-10-08 23:00,加蓬,0-0,摩洛哥
466,非洲杯,2016-09-05 03:00,摩洛哥,2-0,圣多美与普林西比
467,国际友谊,2016-09-01 02:40,阿尔巴尼亚,0-0,摩洛哥
468,非洲杯,2016-06-04 02:00,利比亚,1-1,摩洛哥
469,国际友谊,2016-05-28 02:00,摩洛哥,2-0,刚果
470,非洲杯,2016-03-30 03:00,摩洛哥,2-0,佛得角
471,非洲杯,2016-03-27 01:00,佛得角,0-1,摩洛哥
472,非国锦标,2016-01-24 22:00,卢旺达,1-4,摩洛哥
473,非国锦标,2016-01-20 23:59,摩洛哥,0-1,科特迪瓦
474,非洲预选,2015-11-13 03:00,摩洛哥,2-0,赤道几内亚
475,非国锦标,2015-10-26 01:00,突尼斯,2-3,摩洛哥
476,非国锦标,2015-10-23 01:00,利比亚,0-4,摩洛哥
477,国际友谊,2015-10-13 03:00,摩洛哥,1-1,几内亚
478,国际友谊,2015-10-10 02:00,摩洛哥,0-1,科特迪瓦
479,非国锦标,2015-06-22 06:00,摩洛哥,3-0,利比亚
480,非国锦标,2015-06-16 04:00,摩洛哥,1-1,突尼斯
481,非洲杯,2015-06-13 03:00,摩洛哥,1-0,利比亚
482,国际友谊,2015-03-31 02:30,摩洛哥,1-2,布基纳法索
483,国际友谊,2015-03-28 03:00,摩洛哥,2-0,刚果
484,国际友谊,2014-11-17 04:00,摩洛哥,2-1,津巴布韦
485,国际友谊,2014-11-15 03:00,摩洛哥,0-0,卢旺达
486,国际友谊,2014-11-14 04:00,摩洛哥,6-1,贝宁
487,国际友谊,2014-10-14 03:00,摩洛哥,3-0,肯尼亚
488,国际友谊,2014-10-13 02:00,摩洛哥,5-0,毛里塔尼亚
489,国际友谊,2014-10-10 03:00,摩洛哥,4-0,中非共和国
490,国际友谊,2014-09-08 03:00,摩洛哥,3-0,利比亚
491,国际友谊,2014-09-04 03:00,摩洛哥,0-0,卡塔尔
492,国际友谊,2014-05-29 03:00,安哥拉,2-0,摩洛哥
493,国际友谊,2014-05-24 03:10,摩洛哥,4-0,莫桑比克
494,国际友谊,2014-03-06 03:00,摩洛哥,1-1,加蓬
495,欧洲预选,2017-11-15 03:45,爱尔兰,1-5,丹麦
496,欧洲预选,2017-11-12 03:45,丹麦,0-0,爱尔兰
497,欧洲预选,2017-10-08 23:59,丹麦,1-1,罗马尼亚
498,欧洲预选,2017-10-06 02:45,黑山,0-1,丹麦
499,欧洲预选,2017-09-04 23:59,阿美尼亚,1-4,丹麦
500,欧洲预选,2017-09-02 02:45,丹麦,4-0,波兰
501,欧洲预选,2017-06-10 23:59,哈萨克斯坦,1-3,丹麦
502,国际友谊,2017-06-07 02:45,丹麦,1-1,德国
503,欧洲预选,2017-03-27 02:45,罗马尼亚,0-0,丹麦
504,国际友谊,2016-11-16 03:30,捷克,1-1,丹麦
505,欧洲预选,2016-11-12 03:45,丹麦,4-1,哈萨克斯坦
506,欧洲预选,2016-10-12 02:45,丹麦,0-1,黑山
507,欧洲预选,2016-10-09 02:45,波兰,3-2,丹麦
508,欧洲预选,2016-09-04 23:59,丹麦,1-0,阿美尼亚
509,国际友谊,2016-09-01 02:00,丹麦,5-0,列支敦士登
510,麒麟杯,2016-06-07 15:00,丹麦,4-0,保加利亚
511,麒麟杯,2016-06-03 15:00,丹麦,2-2,波黑
512,国际友谊,2016-03-30 03:00,苏格兰,1-0,丹麦
513,国际友谊,2016-03-25 03:00,丹麦,2-1,冰岛
514,欧洲杯,2015-11-18 03:45,丹麦,2-2,瑞典
515,欧洲杯,2015-11-15 03:45,瑞典,2-1,丹麦
516,国际友谊,2015-10-12 02:45,丹麦,1-2,法国
517,欧洲杯,2015-09-07 23:59,阿美尼亚,0-0,丹麦
518,欧洲杯,2015-09-05 02:45,丹麦,0-0,阿尔巴尼亚
519,欧洲杯,2015-06-14 02:45,丹麦,2-0,塞尔维亚
520,国际友谊,2015-06-09 02:00,丹麦,2-1,黑山
521,国际友谊,2015-03-30 03:00,法国,2-0,丹麦
522,国际友谊,2015-03-26 03:15,丹麦,3-2,美国
523,国际友谊,2014-11-19 02:30,罗马尼亚,2-0,丹麦
524,欧洲杯,2014-11-15 03:45,塞尔维亚,1-3,丹麦
525,欧洲杯,2014-10-12 02:45,阿尔巴尼亚,1-1,丹麦
526,欧洲杯,2014-09-07 23:59,丹麦,2-1,阿美尼亚
527,国际友谊,2014-09-04 02:00,丹麦,1-2,土耳其
528,国际友谊,2014-05-29 02:15,丹麦,1-0,瑞典
529,国际友谊,2014-05-23 02:15,匈牙利,2-2,丹麦
530,国际友谊,2014-03-06 04:00,英格兰,1-0,丹麦
531,球会友谊,2013-11-16 02:00,丹麦,2-1,挪威
532,欧洲预选,2013-10-16 02:15,丹麦,6-0,马耳他
533,欧洲预选,2013-10-12 02:15,丹麦,2-2,意大利
534,欧洲预选,2013-09-10 23:59,阿美尼亚,0-1,丹麦
535,欧洲预选,2013-09-07 02:00,马耳他,1-2,丹麦
536,球会友谊,2013-08-15 02:45,波兰,3-2,丹麦
537,欧洲预选,2013-06-12 02:15,丹麦,0-4,阿美尼亚
538,欧洲预选,2013-03-27 03:15,丹麦,1-1,保加利亚
539,欧洲预选,2013-03-23 03:30,捷克,0-3,丹麦
540,球会友谊,2012-11-15 03:00,土耳其,1-1,丹麦
541,欧洲预选,2012-10-17 02:45,意大利,3-1,丹麦
542,欧洲预选,2012-10-13 02:00,保加利亚,1-1,丹麦
543,欧洲预选,2012-09-09 02:15,丹麦,0-0,捷克
544,欧洲杯,2012-06-18 02:45,丹麦,1-2,德国
545,欧洲杯,2012-06-09 23:59,荷兰,0-1,丹麦
546,球会友谊,2012-06-02 23:00,丹麦,2-0,澳大利亚
547,球会友谊,2012-05-26 21:30,丹麦,1-3,巴西
548,欧洲杯,2011-10-08 02:30,塞浦路斯,1-4,丹麦
549,欧洲杯,2011-09-07 02:15,丹麦,2-0,挪威
550,国际友谊,2017-11-15 03:45,德国,2-2,法国
551,国际友谊,2017-11-11 04:00,法国,2-0,威尔士
552,欧洲预选,2017-10-11 02:45,法国,2-1,白俄罗斯
553,欧洲预选,2017-10-08 02:45,保加利亚,0-1,法国
554,欧洲预选,2017-09-04 02:45,法国,0-0,卢森堡
555,欧洲预选,2017-09-01 02:45,法国,4-0,荷兰
556,国际友谊,2017-06-14 03:00,法国,3-2,英格兰
557,欧洲预选,2017-06-10 02:45,瑞典,2-1,法国
558,国际友谊,2017-06-03 03:00,法国,5-0,巴拉圭
559,欧洲预选,2017-03-26 03:45,卢森堡,1-3,法国
560,国际友谊,2016-11-16 04:00,法国,0-0,科特迪瓦
561,欧洲预选,2016-11-12 03:45,法国,2-1,瑞典
562,欧洲预选,2016-10-11 02:45,荷兰,0-1,法国
563,欧洲预选,2016-10-08 02:45,法国,4-1,保加利亚
564,欧洲预选,2016-09-07 02:45,白俄罗斯,0-0,法国
565,国际友谊,2016-09-02 03:00,意大利,1-3,法国
566,欧洲杯,2016-07-08 03:00,法国,2-0,德国
567,欧洲杯,2016-07-04 03:00,法国,5-2,冰岛
568,欧洲杯,2016-06-26 21:00,法国,2-1,爱尔兰
569,欧洲杯,2016-06-20 03:00,法国,0-0,瑞士
570,欧洲杯,2016-06-16 03:00,法国,2-0,阿尔巴尼亚
571,欧洲杯,2016-06-11 03:00,法国,2-1,罗马尼亚
572,国际友谊,2016-06-05 03:00,法国,3-0,苏格兰
573,国际友谊,2016-05-31 03:00,法国,3-2,喀麦隆
574,国际友谊,2016-03-26 03:45,荷兰,2-3,法国
575,国际友谊,2015-11-18 04:00,英格兰,2-0,法国
576,国际友谊,2015-11-14 04:00,法国,2-0,德国
577,国际友谊,2015-10-09 02:45,法国,4-0,阿美尼亚
578,国际友谊,2015-09-08 02:45,法国,2-1,塞尔维亚
579,国际友谊,2015-06-13 23:59,阿尔巴尼亚,1-0,法国
580,国际友谊,2015-06-08 03:00,法国,3-4,比利时
581,国际友谊,2015-03-27 04:00,法国,1-3,巴西
582,国际友谊,2014-11-19 04:00,法国,1-0,瑞典
583,国际友谊,2014-11-15 03:45,法国,1-1,阿尔巴尼亚
584,国际友谊,2014-10-14 23:59,阿美尼亚,0-3,法国
585,国际友谊,2014-09-08 02:45,塞尔维亚,1-1,法国
586,世界杯,2014-07-05 00:00,德国,1-0,法国
587,世界杯,2014-07-01 00:00,法国,2-0,尼日利亚
588,世界杯,2014-06-26 04:00,厄瓜多尔,0-0,法国
589,世界杯,2014-06-21 03:00,瑞士,2-5,法国
590,世界杯,2014-06-16 03:00,法国,3-0,洪都拉斯
591,国际友谊,2014-06-09 03:00,法国,8-0,牙买加
592,国际友谊,2014-06-02 03:00,法国,1-1,巴拉圭
593,国际友谊,2014-05-28 03:00,法国,4-0,挪威
594,国际友谊,2014-03-06 04:00,法国,2-0,荷兰
595,欧洲预选,2013-11-20 04:00,法国,3-0,乌克兰
596,欧洲预选,2013-11-16 03:45,乌克兰,2-0,法国
597,欧洲预选,2013-10-16 03:00,法国,3-0,芬兰
598,欧洲预选,2013-09-11 03:00,白俄罗斯,2-4,法国
599,欧洲预选,2013-09-07 02:15,格鲁吉亚,0-0,法国
600,球会友谊,2013-08-15 03:00,比利时,0-0,法国
601,球会友谊,2013-06-10 03:00,巴西,3-0,法国
602,欧洲预选,2013-03-23 04:00,法国,3-1,格鲁吉亚
603,球会友谊,2013-02-07 04:00,法国,1-2,德国
604,球会友谊,2012-11-15 03:50,意大利,1-2,法国
605,欧洲预选,2012-09-12 03:00,法国,3-1,白俄罗斯
606,欧洲预选,2012-09-08 02:30,芬兰,0-1,法国
607,欧洲杯,2012-06-20 02:45,瑞典,2-0,法国
608,欧洲杯,2012-06-15 23:59,乌克兰,0-2,法国
609,欧洲杯,2012-06-11 23:59,法国,1-1,英格兰
610,球会友谊,2012-06-01 03:00,法国,2-0,塞尔维亚
611,球会友谊,2012-05-28 03:00,法国,3-2,冰岛
612,球会友谊,2012-03-01 03:45,德国,1-2,法国
613,欧洲杯,2011-10-12 03:00,法国,1-1,波黑
614,欧洲杯,2011-10-08 03:00,法国,3-0,阿尔巴尼亚
615,欧洲杯,2011-09-07 02:30,罗马尼亚,0-0,法国
616,欧洲杯,2011-09-03 03:00,阿尔巴尼亚,1-2,法国
617,世界杯附,2017-11-16 10:15,秘鲁,2-0,新西兰
618,世界杯附,2017-11-11 11:15,新西兰,0-0,秘鲁
619,南美预选,2017-10-11 07:30,秘鲁,1-1,哥伦比亚
620,南美预选,2017-10-06 07:30,阿根廷,0-0,秘鲁
621,南美预选,2017-09-06 05:00,厄瓜多尔,1-2,秘鲁
622,南美预选,2017-09-01 10:15,秘鲁,2-1,玻利维亚
623,国际友谊,2017-06-14 08:30,秘鲁,3-1,牙买加
624,国际友谊,2017-06-09 05:00,秘鲁,1-0,巴拉圭
625,南美预选,2017-03-24 07:30,委内瑞拉,2-2,秘鲁
626,南美预选,2016-11-16 10:15,秘鲁,0-2,巴西
627,南美预选,2016-11-11 07:30,巴拉圭,1-4,秘鲁
628,南美预选,2016-10-12 07:30,智利,2-1,秘鲁
629,南美预选,2016-10-07 10:15,秘鲁,2-2,阿根廷
630,南美预选,2016-09-07 10:15,秘鲁,2-1,厄瓜多尔
631,南美预选,2016-09-02 04:00,玻利维亚,0-3,秘鲁
632,美洲杯,2016-06-18 08:00,秘鲁,0-0,哥伦比亚
633,美洲杯,2016-06-13 08:55,巴西,0-1,秘鲁
634,美洲杯,2016-06-09 10:00,厄瓜多尔,2-2,秘鲁
635,美洲杯,2016-06-05 07:30,秘鲁,1-0,海地
636,国际友谊,2016-05-29 08:10,秘鲁,3-1,萨尔瓦多
637,国际友谊,2016-05-24 09:35,秘鲁,4-0,特立尼达和多巴哥
638,南美预选,2016-03-25 10:15,秘鲁,2-2,委内瑞拉
639,南美预选,2015-11-18 08:00,巴西,3-0,秘鲁
640,南美预选,2015-11-14 10:15,秘鲁,1-0,巴拉圭
641,南美预选,2015-10-14 10:15,秘鲁,3-4,智利
642,南美预选,2015-10-09 04:30,哥伦比亚,2-0,秘鲁
643,国际友谊,2015-09-09 08:10,哥伦比亚,1-1,秘鲁
644,国际友谊,2015-09-05 07:30,美国,2-1,秘鲁
645,美洲杯,2015-07-04 07:30,巴拉圭,0-2,秘鲁
646,美洲杯,2015-06-30 07:30,智利,2-1,秘鲁
647,美洲杯,2015-06-26 07:30,玻利维亚,1-3,秘鲁
648,美洲杯,2015-06-22 03:00,哥伦比亚,0-0,秘鲁
649,美洲杯,2015-06-19 07:30,秘鲁,1-0,委内瑞拉
650,美洲杯,2015-06-15 05:30,巴西,2-1,秘鲁
651,国际友谊,2015-06-04 09:05,秘鲁,1-1,墨西哥
652,国际友谊,2014-11-19 09:00,秘鲁,2-1,巴拉圭
653,国际友谊,2014-11-15 07:00,巴拉圭,2-1,秘鲁
654,国际友谊,2014-10-15 09:00,秘鲁,1-0,危地马拉
655,国际友谊,2014-10-11 07:00,智利,3-0,秘鲁
656,国际友谊,2014-09-09 23:30,卡塔尔,0-2,秘鲁
657,国际友谊,2014-09-04 23:30,伊拉克,0-2,秘鲁
658,球会友谊,2014-08-07 09:00,秘鲁,3-0,巴拿马
659,国际友谊,2014-06-04 02:30,瑞士,2-0,秘鲁
660,国际友谊,2014-05-31 03:00,英格兰,3-0,秘鲁
661,南美预选,2013-10-16 10:15,秘鲁,1-1,玻利维亚
662,南美预选,2013-10-12 07:00,阿根廷,3-1,秘鲁
663,南美预选,2013-09-11 08:00,委内瑞拉,3-2,秘鲁
664,南美预选,2013-06-12 04:30,哥伦比亚,2-0,秘鲁
665,南美预选,2013-06-08 10:10,秘鲁,1-0,厄瓜多尔
666,南美预选,2013-03-23 10:10,秘鲁,1-0,智利
667,南美预选,2012-10-17 06:00,巴拉圭,1-0,秘鲁
668,南美预选,2012-10-13 04:00,玻利维亚,1-1,秘鲁
669,南美预选,2012-09-12 09:25,秘鲁,1-1,阿根廷
670,南美预选,2012-09-08 09:25,秘鲁,2-1,委内瑞拉
671,南美预选,2011-11-16 05:00,厄瓜多尔,2-0,秘鲁
672,南美预选,2011-10-12 06:45,智利,4-2,秘鲁
673,美洲杯,2011-07-24 03:00,秘鲁,4-1,委内瑞拉
674,美洲杯,2011-07-17 03:00,哥伦比亚,0-0,秘鲁
675,美洲杯,2011-07-13 06:15,智利,1-0,秘鲁
676,美洲杯,2011-07-09 08:45,秘鲁,1-0,墨西哥
677,世界杯附,2017-11-15 17:00,澳大利亚,3-1,洪都拉斯
678,世界杯附,2017-11-11 06:00,洪都拉斯,0-0,澳大利亚
679,亚洲预选,2017-10-10 17:00,澳大利亚,1-1,叙利亚
680,亚洲预选,2017-10-05 20:30,叙利亚,1-1,澳大利亚
681,亚洲预选,2017-09-05 18:00,澳大利亚,2-1,泰国
682,亚洲预选,2017-08-31 18:35,日本,2-0,澳大利亚
683,洲际杯,2017-06-25 23:00,智利,1-1,澳大利亚
684,洲际杯,2017-06-22 23:00,喀麦隆,1-1,澳大利亚
685,洲际杯,2017-06-19 23:00,澳大利亚,2-3,德国
686,国际友谊,2017-06-13 18:05,澳大利亚,0-4,巴西
687,亚洲预选,2017-03-28 17:00,澳大利亚,2-0,阿联酋
688,亚洲预选,2017-03-23 20:00,伊拉克,1-1,澳大利亚
689,亚洲预选,2016-11-15 20:00,泰国,2-2,澳大利亚
690,亚洲预选,2016-10-11 17:00,澳大利亚,1-1,日本
691,亚洲预选,2016-09-06 23:30,阿联酋,0-1,澳大利亚
692,亚洲预选,2016-09-01 18:30,澳大利亚,2-0,伊拉克
693,国际友谊,2016-06-07 18:00,澳大利亚,1-2,希腊
694,国际友谊,2016-06-04 18:10,澳大利亚,1-0,希腊
695,国际友谊,2016-05-28 02:45,英格兰,2-1,澳大利亚
696,亚洲预选,2016-03-29 17:00,澳大利亚,5-1,约旦
697,亚洲预选,2016-03-24 17:00,澳大利亚,7-0,塔吉克斯坦
698,亚洲预选,2015-11-17 19:30,孟加拉国,0-4,澳大利亚
699,亚洲预选,2015-11-12 17:00,澳大利亚,3-0,吉尔吉斯斯坦
700,亚洲预选,2015-10-08 22:00,约旦,2-0,澳大利亚
701,亚洲预选,2015-09-08 21:00,塔吉克斯坦,0-3,澳大利亚
702,亚洲预选,2015-09-03 19:00,澳大利亚,5-0,孟加拉国
703,亚洲预选,2015-06-16 22:00,吉尔吉斯斯坦,1-2,澳大利亚
704,国际友谊,2015-03-31 03:00,马其顿,0-0,澳大利亚
705,国际友谊,2015-03-26 03:30,德国,2-2,澳大利亚
706,亚洲杯,2015-01-31 17:00,澳大利亚,1-1,韩国
707,亚洲杯,2015-01-27 17:00,澳大利亚,2-0,阿联酋
708,亚洲杯,2015-01-22 18:30,澳大利亚,2-0,中国
709,亚洲杯,2015-01-17 17:00,澳大利亚,0-1,韩国
710,亚洲杯,2015-01-13 17:00,澳大利亚,4-0,阿曼
711,亚洲杯,2015-01-09 17:00,澳大利亚,4-1,科威特
712,国际友谊,2014-11-18 18:20,日本,2-1,澳大利亚
713,国际友谊,2014-10-14 23:59,卡塔尔,1-0,澳大利亚
714,国际友谊,2014-10-10 22:30,阿联酋,0-0,澳大利亚
715,国际友谊,2014-09-05 02:45,比利时,2-0,澳大利亚
716,世界杯,2014-06-19 00:00,澳大利亚,2-3,荷兰
717,世界杯,2014-06-14 06:00,智利,3-1,澳大利亚
718,国际友谊,2014-06-07 07:00,克罗地亚,1-0,澳大利亚
719,国际友谊,2014-05-26 17:30,澳大利亚,1-1,南非
720,国际友谊,2014-03-06 04:00,澳大利亚,3-4,厄瓜多尔
721,亚洲预选,2013-06-18 17:30,澳大利亚,1-0,伊拉克
722,亚洲预选,2013-06-11 17:00,澳大利亚,4-0,约旦
723,亚洲预选,2013-06-04 18:30,日本,1-1,澳大利亚
724,亚洲预选,2013-03-26 16:30,澳大利亚,2-2,阿曼
725,球会友谊,2013-02-07 03:45,罗马尼亚,3-2,澳大利亚
726,亚洲预选,2012-10-16 22:15,伊拉克,1-2,澳大利亚
727,亚洲预选,2012-09-11 23:59,约旦,2-1,澳大利亚
728,球会友谊,2012-08-16 03:00,苏格兰,3-1,澳大利亚
729,亚洲预选,2012-06-12 18:00,澳大利亚,1-1,日本
730,亚洲预选,2012-06-08 21:00,阿曼,0-0,澳大利亚
731,国际友谊,2017-11-15 00:30,卡塔尔,1-1,冰岛
732,国际友谊,2017-11-08 22:45,冰岛,1-2,捷克
733,欧洲预选,2017-10-10 02:45,冰岛,2-0,科索沃
734,欧洲预选,2017-10-07 02:45,土耳其,0-3,冰岛
735,欧洲预选,2017-09-06 02:45,冰岛,2-0,乌克兰
736,欧洲预选,2017-09-02 23:59,芬兰,1-0,冰岛
737,欧洲预选,2017-06-12 02:45,冰岛,1-0,克罗地亚
738,国际友谊,2017-03-29 02:45,爱尔兰,0-1,冰岛
739,欧洲预选,2017-03-25 03:45,科索沃,1-2,冰岛
740,国际友谊,2017-02-09 11:10,墨西哥,1-0,冰岛
741,中国杯,2017-01-15 15:35,冰岛,0-1,智利
742,中国杯,2017-01-10 20:00,中国,0-2,冰岛
743,国际友谊,2016-11-16 02:00,马耳他,0-2,冰岛
744,欧洲预选,2016-11-13 01:00,克罗地亚,2-0,冰岛
745,欧洲预选,2016-10-10 02:45,冰岛,2-0,土耳其
746,欧洲预选,2016-10-07 02:45,冰岛,3-2,芬兰
747,欧洲预选,2016-09-06 02:45,乌克兰,1-1,冰岛
748,欧洲杯,2016-06-28 03:00,英格兰,1-2,冰岛
749,欧洲杯,2016-06-22 23:59,冰岛,2-1,奥地利
750,欧洲杯,2016-06-18 23:59,冰岛,1-1,匈牙利
751,国际友谊,2016-06-07 03:30,冰岛,4-0,列支敦士登
752,国际友谊,2016-06-02 01:45,挪威,3-2,冰岛
753,国际友谊,2016-03-30 01:30,希腊,2-3,冰岛
754,国际友谊,2016-02-01 05:00,美国,3-2,冰岛
755,球会友谊,2016-01-16 22:15,阿联酋,2-1,冰岛
756,国际友谊,2016-01-13 23:59,芬兰,0-1,冰岛
757,国际友谊,2015-11-18 03:45,斯洛伐克,3-1,冰岛
758,国际友谊,2015-11-14 03:45,波兰,4-2,冰岛
759,欧洲杯,2015-10-14 02:45,土耳其,1-0,冰岛
760,欧洲杯,2015-10-10 23:59,冰岛,2-2,拉脱维亚
761,欧洲杯,2015-09-07 02:45,冰岛,0-0,哈萨克斯坦
762,欧洲杯,2015-09-04 02:45,荷兰,0-1,冰岛
763,欧洲杯,2015-06-13 02:45,冰岛,2-1,捷克
764,国际友谊,2015-04-01 00:10,爱沙尼亚,1-1,冰岛
765,欧洲杯,2015-03-28 23:00,哈萨克斯坦,0-3,冰岛
766,国际友谊,2015-01-20 05:00,加拿大,1-1,冰岛
767,国际友谊,2015-01-17 05:30,加拿大,1-2,冰岛
768,欧洲杯,2014-11-17 03:45,捷克,2-1,冰岛
769,国际友谊,2014-11-13 03:45,比利时,3-1,冰岛
770,欧洲杯,2014-10-14 02:45,冰岛,2-0,荷兰
771,欧洲杯,2014-10-11 02:45,拉脱维亚,0-3,冰岛
772,欧洲杯,2014-09-10 02:45,冰岛,3-0,土耳其
773,国际友谊,2014-06-05 03:15,冰岛,1-0,爱沙尼亚
774,国际友谊,2014-05-31 02:30,奥地利,1-1,冰岛
775,国际友谊,2014-03-06 03:45,威尔士,3-1,冰岛
776,欧洲预选,2013-11-20 03:15,克罗地亚,2-0,冰岛
777,欧洲预选,2013-11-16 03:00,冰岛,0-0,克罗地亚
778,欧洲预选,2013-10-16 02:00,挪威,1-1,冰岛
779,欧洲预选,2013-10-12 02:45,冰岛,2-0,塞浦路斯
780,欧洲预选,2013-09-11 03:00,冰岛,2-1,阿尔巴尼亚
781,欧洲预选,2013-09-07 02:30,瑞士,4-4,冰岛
782,欧洲预选,2013-06-08 03:00,冰岛,2-4,斯洛文尼亚
783,欧洲预选,2013-03-23 01:00,斯洛文尼亚,1-2,冰岛
784,欧洲预选,2012-10-17 02:30,冰岛,0-2,瑞士
785,欧洲预选,2012-10-13 01:00,阿尔巴尼亚,1-2,冰岛
786,欧洲预选,2012-09-12 01:00,塞浦路斯,1-0,冰岛
787,欧洲预选,2012-09-08 02:45,冰岛,2-0,挪威
788,球会友谊,2012-05-31 02:15,瑞典,3-2,冰岛
789,球会友谊,2012-03-01 01:00,黑山,2-1,冰岛
790,欧洲杯,2011-09-07 02:45,冰岛,1-0,塞浦路斯
791,欧洲杯,2011-09-03 02:00,挪威,1-0,冰岛
792,国际友谊,2017-11-15 00:30,阿根廷,2-4,尼日利亚
793,南美预选,2017-10-11 07:30,厄瓜多尔,1-3,阿根廷
794,南美预选,2017-09-06 07:30,阿根廷,1-1,委内瑞拉
795,国际友谊,2017-06-13 20:00,新加坡,0-6,阿根廷
796,国际友谊,2017-06-09 18:05,巴西,0-1,阿根廷
797,南美预选,2017-03-29 04:00,玻利维亚,2-0,阿根廷
798,南美预选,2017-03-24 07:30,阿根廷,1-0,智利
799,南美预选,2016-11-16 07:30,阿根廷,3-0,哥伦比亚
800,南美预选,2016-11-11 07:45,巴西,3-0,阿根廷
801,南美预选,2016-10-12 07:30,阿根廷,0-1,巴拉圭
802,南美预选,2016-09-07 07:25,委内瑞拉,2-2,阿根廷
803,美洲杯,2016-06-27 08:00,阿根廷,0-0,智利
804,美洲杯,2016-06-22 09:00,美国,0-4,阿根廷
805,美洲杯,2016-06-19 07:00,阿根廷,4-1,委内瑞拉
806,美洲杯,2016-06-15 10:20,阿根廷,3-0,玻利维亚
807,美洲杯,2016-06-11 09:30,阿根廷,5-0,巴拿马
808,美洲杯,2016-06-07 10:00,阿根廷,2-1,智利
809,国际友谊,2016-05-28 07:00,阿根廷,1-0,洪都拉斯
810,南美预选,2016-03-30 07:30,阿根廷,2-0,玻利维亚
811,南美预选,2016-03-25 07:30,智利,1-2,阿根廷
812,南美预选,2015-11-18 04:30,哥伦比亚,0-1,阿根廷
813,南美预选,2015-11-14 08:00,阿根廷,1-1,巴西
814,南美预选,2015-10-14 08:00,巴拉圭,0-0,阿根廷
815,南美预选,2015-10-09 08:00,阿根廷,0-2,厄瓜多尔
816,国际友谊,2015-09-09 10:30,阿根廷,2-2,墨西哥
817,国际友谊,2015-09-05 08:30,阿根廷,7-0,玻利维亚
818,美洲杯,2015-07-05 04:00,智利,0-0,阿根廷
819,美洲杯,2015-07-01 07:30,阿根廷,6-1,巴拉圭
820,美洲杯,2015-06-27 07:30,阿根廷,0-0,哥伦比亚
821,美洲杯,2015-06-21 05:30,阿根廷,1-0,牙买加
822,美洲杯,2015-06-14 05:30,阿根廷,2-2,巴拉圭
823,国际友谊,2015-06-07 07:05,阿根廷,5-0,玻利维亚
824,国际友谊,2015-04-01 08:00,阿根廷,2-1,厄瓜多尔
825,国际友谊,2015-03-29 04:30,萨尔瓦多,0-2,阿根廷
826,国际友谊,2014-11-13 03:45,阿根廷,2-1,克罗地亚
827,国际友谊,2014-10-14 20:00,中国香港,0-7,阿根廷
828,国际友谊,2014-10-11 20:10,巴西,2-0,阿根廷
829,国际友谊,2014-09-04 02:45,德国,2-4,阿根廷
830,世界杯,2014-07-14 03:00,德国,0-0,阿根廷
831,世界杯,2014-07-10 04:00,阿根廷,0-0,荷兰
832,世界杯,2014-07-06 00:00,阿根廷,1-0,比利时
833,世界杯,2014-07-02 00:00,阿根廷,0-0,瑞士
834,世界杯,2014-06-26 00:00,尼日利亚,2-3,阿根廷
835,世界杯,2014-06-16 06:00,阿根廷,2-1,波黑
836,国际友谊,2014-06-08 02:50,阿根廷,2-0,斯洛文尼亚
837,国际友谊,2014-06-05 06:15,阿根廷,3-0,特立尼达和多巴哥
838,国际友谊,2014-03-06 03:00,罗马尼亚,0-0,阿根廷
839,球会友谊,2013-11-19 09:30,阿根廷,2-0,波黑
840,球会友谊,2013-11-16 09:00,阿根廷,0-0,厄瓜多尔
841,南美预选,2013-09-11 09:40,巴拉圭,2-5,阿根廷
842,球会友谊,2013-08-15 02:45,意大利,1-2,阿根廷
843,南美预选,2013-06-12 05:00,厄瓜多尔,1-1,阿根廷
844,南美预选,2013-06-08 06:00,阿根廷,0-0,哥伦比亚
845,南美预选,2013-03-27 04:00,玻利维亚,1-1,阿根廷
846,南美预选,2013-03-23 08:00,阿根廷,3-0,委内瑞拉
847,球会友谊,2013-02-07 03:30,瑞典,2-3,阿根廷
848,南美预选,2012-10-17 08:05,智利,1-2,阿根廷
849,南美预选,2012-09-08 07:10,阿根廷,3-1,巴拉圭
850,球会友谊,2012-08-16 02:45,德国,1-3,阿根廷
851,球会友谊,2012-06-10 03:00,阿根廷,4-3,巴西
852,南美预选,2012-06-03 06:30,阿根廷,4-0,厄瓜多尔
853,球会友谊,2012-03-01 03:30,瑞士,1-3,阿根廷
854,南美预选,2011-11-16 05:00,哥伦比亚,1-2,阿根廷
855,南美预选,2011-11-12 04:00,阿根廷,1-1,玻利维亚
856,南美预选,2011-10-12 08:50,委内瑞拉,1-0,阿根廷
857,美洲杯,2011-07-12 08:45,阿根廷,3-0,哥斯达黎加
858,美洲杯,2011-07-07 08:45,阿根廷,0-0,哥伦比亚
859,美洲杯,2011-07-02 08:50,阿根廷,1-1,玻利维亚
860,欧洲预选,2017-11-13 03:45,希腊,0-0,克罗地亚
861,欧洲预选,2017-11-10 03:45,克罗地亚,4-1,希腊
862,欧洲预选,2017-10-10 02:45,乌克兰,0-2,克罗地亚
863,欧洲预选,2017-10-07 02:45,克罗地亚,1-1,芬兰
864,欧洲预选,2017-09-06 02:45,土耳其,1-0,克罗地亚
865,欧洲预选,2017-09-03 20:30,克罗地亚,1-0,科索沃
866,国际友谊,2017-05-28 07:30,墨西哥,1-2,克罗地亚
867,国际友谊,2017-03-28 23:59,爱沙尼亚,3-0,克罗地亚
868,欧洲预选,2017-03-25 03:45,克罗地亚,1-0,乌克兰
869,中国杯,2017-01-14 15:35,中国,1-1,克罗地亚
870,中国杯,2017-01-11 19:35,智利,1-1,克罗地亚
871,国际友谊,2016-11-16 04:00,北爱尔兰,0-3,克罗地亚
872,欧洲预选,2016-10-09 23:59,芬兰,0-1,克罗地亚
873,欧洲预选,2016-10-07 02:45,科索沃,0-6,克罗地亚
874,欧洲预选,2016-09-06 02:45,克罗地亚,1-1,土耳其
875,欧洲杯,2016-06-17 23:59,捷克,2-2,克罗地亚
876,欧洲杯,2016-06-12 21:00,克罗地亚,1-0,土耳其
877,国际友谊,2016-06-05 02:15,克罗地亚,10-0,圣马力诺
878,国际友谊,2016-05-28 02:30,克罗地亚,1-0,摩尔多瓦
879,国际友谊,2016-03-27 01:00,匈牙利,1-1,克罗地亚
880,国际友谊,2016-03-24 01:00,克罗地亚,2-0,以色列
881,欧洲杯,2015-10-14 02:45,马耳他,0-1,克罗地亚
882,欧洲杯,2015-10-11 02:45,克罗地亚,3-0,保加利亚
883,欧洲杯,2015-09-06 23:59,挪威,2-0,克罗地亚
884,欧洲杯,2015-09-03 23:59,阿塞拜疆,0-0,克罗地亚
885,欧洲杯,2015-06-13 02:45,克罗地亚,1-1,意大利
886,国际友谊,2015-06-07 23:59,克罗地亚,4-0,直布罗陀
887,欧洲杯,2015-03-29 01:00,克罗地亚,5-1,挪威
888,欧洲杯,2014-11-17 03:45,意大利,1-1,克罗地亚
889,欧洲杯,2014-10-14 02:45,克罗地亚,6-0,阿塞拜疆
890,欧洲杯,2014-10-11 02:45,保加利亚,0-1,克罗地亚
891,欧洲杯,2014-09-10 02:45,克罗地亚,2-0,马耳他
892,国际友谊,2014-09-05 02:15,克罗地亚,2-0,塞浦路斯
893,世界杯,2014-06-24 04:00,克罗地亚,1-3,墨西哥
894,世界杯,2014-06-19 06:00,喀麦隆,0-4,克罗地亚
895,世界杯,2014-06-13 04:00,巴西,3-1,克罗地亚
896,国际友谊,2014-05-31 22:00,克罗地亚,2-1,马里
897,国际友谊,2014-03-06 03:30,瑞士,2-2,克罗地亚
898,欧洲预选,2013-10-16 03:00,苏格兰,2-0,克罗地亚
899,欧洲预选,2013-10-11 23:59,克罗地亚,1-2,比利时
900,球会友谊,2013-09-10 19:00,韩国,1-2,克罗地亚
901,欧洲预选,2013-09-07 02:45,塞尔维亚,1-1,克罗地亚
902,欧洲预选,2013-06-08 02:15,克罗地亚,0-1,苏格兰
903,欧洲预选,2013-03-27 03:45,威尔士,1-2,克罗地亚
904,欧洲预选,2013-03-23 01:00,克罗地亚,2-0,塞尔维亚
905,欧洲预选,2012-10-17 02:00,克罗地亚,2-0,威尔士
906,欧洲预选,2012-10-13 02:30,马其顿,1-2,克罗地亚
907,欧洲预选,2012-09-12 02:45,比利时,1-1,克罗地亚
908,欧洲预选,2012-09-08 02:15,克罗地亚,1-0,马其顿
909,欧洲杯,2012-06-14 23:59,意大利,1-1,克罗地亚
910,欧洲杯,2012-06-11 02:45,爱尔兰,1-3,克罗地亚
911,球会友谊,2012-06-03 01:00,挪威,1-1,克罗地亚
912,球会友谊,2012-05-26 02:30,克罗地亚,3-1,爱沙尼亚
913,球会友谊,2012-03-01 03:30,克罗地亚,1-3,瑞典
914,欧洲杯,2011-11-16 03:05,克罗地亚,0-0,土耳其
915,欧洲杯,2011-11-12 03:05,土耳其,0-3,克罗地亚
916,欧洲杯,2011-10-12 01:00,克罗地亚,2-0,拉脱维亚
917,欧洲杯,2011-10-08 02:45,希腊,2-0,克罗地亚
918,欧洲杯,2011-09-07 02:00,克罗地亚,3-1,以色列
919,欧洲杯,2011-09-03 01:00,马耳他,1-3,克罗地亚
920,非洲预选,2017-11-11 03:30,阿尔及利亚,1-1,尼日利亚
921,非洲预选,2017-10-07 23:59,尼日利亚,1-0,赞比亚
922,西非杯,2017-09-21 23:00,贝宁,0-1,尼日利亚
923,西非杯,2017-09-19 02:00,加纳,0-2,尼日利亚
924,西非杯,2017-09-10 23:00,布基纳法索,1-2,尼日利亚
925,非洲预选,2017-09-05 01:00,喀麦隆,1-1,尼日利亚
926,非洲预选,2017-09-01 23:59,尼日利亚,4-0,喀麦隆
927,非国锦标,2017-08-13 23:00,贝宁,1-0,尼日利亚
928,非洲杯,2017-06-10 23:59,尼日利亚,0-2,南非
929,国际友谊,2017-06-02 01:00,尼日利亚,3-0,多哥
930,国际友谊,2017-03-24 04:00,尼日利亚,1-1,塞内加尔
931,非洲预选,2016-11-12 23:59,尼日利亚,3-1,阿尔及利亚
932,非洲预选,2016-10-09 20:30,赞比亚,1-2,尼日利亚
933,非洲杯,2016-09-03 23:59,尼日利亚,1-0,坦桑尼亚
934,国际友谊,2016-06-01 01:00,卢森堡,1-3,尼日利亚
935,国际友谊,2016-05-28 01:15,尼日利亚,1-0,马里
936,非国锦标,2016-01-26 22:00,几内亚,1-0,尼日利亚
937,非国锦标,2016-01-22 21:00,突尼斯,1-1,尼日利亚
938,非国锦标,2016-01-18 23:59,尼日利亚,4-1,尼日尔
939,非洲预选,2015-11-17 23:00,尼日利亚,2-0,斯威士兰
940,国际友谊,2015-10-12 02:00,尼日利亚,3-0,喀麦隆
941,国际友谊,2015-10-09 01:00,尼日利亚,0-2,刚果民主共和国
942,非洲杯,2015-06-13 23:00,尼日利亚,2-0,乍得
943,国际友谊,2015-03-29 21:30,南非,1-1,尼日利亚
944,国际友谊,2015-03-26 01:20,尼日利亚,0-1,乌干达
945,国际友谊,2015-01-17 23:59,尼日利亚,2-0,也门
946,国际友谊,2015-01-12 00:35,科特迪瓦,1-0,尼日利亚
947,国际友谊,2014-11-08 03:15,尼日利亚,1-0,加{U23
948,非洲杯,2014-10-12 01:00,苏丹,1-0,尼日利亚
949,非洲杯,2014-09-11 02:00,南非,0-0,尼日利亚
950,世界杯,2014-06-22 06:00,尼日利亚,1-0,波黑
951,国际友谊,2014-06-08 06:00,美国,2-1,尼日利亚
952,国际友谊,2014-06-04 07:10,希腊,0-0,尼日利亚
953,国际友谊,2014-05-29 03:00,苏格兰,2-2,尼日利亚
954,国际友谊,2014-03-06 09:40,墨西哥,0-0,尼日利亚
955,球会友谊,2013-11-19 03:45,意大利,2-2,尼日利亚
956,洲际杯,2013-06-18 03:00,塔希提群岛,1-6,尼日利亚
957,球会友谊,2013-06-01 09:00,墨西哥,2-2,尼日利亚
958,国际友谊,2017-11-14 19:00,韩国,1-1,塞尔维亚
959,国际友谊,2017-11-10 19:35,中国,0-2,塞尔维亚
960,欧洲预选,2017-10-10 02:45,塞尔维亚,1-0,格鲁吉亚
961,欧洲预选,2017-10-07 02:45,奥地利,3-2,塞尔维亚
962,欧洲预选,2017-09-06 02:45,爱尔兰,0-1,塞尔维亚
963,欧洲预选,2017-09-02 23:59,塞尔维亚,3-0,摩尔多瓦
964,欧洲预选,2017-06-12 02:45,塞尔维亚,1-1,威尔士
965,欧洲预选,2017-03-25 01:00,格鲁吉亚,1-3,塞尔维亚
966,国际友谊,2017-01-30 05:30,美国,0-0,塞尔维亚
967,国际友谊,2016-11-16 03:00,乌克兰,2-0,塞尔维亚
968,欧洲预选,2016-11-13 03:45,威尔士,1-1,塞尔维亚
969,欧洲预选,2016-10-10 02:45,塞尔维亚,3-2,奥地利
970,欧洲预选,2016-10-07 02:45,摩尔多瓦,0-3,塞尔维亚
971,欧洲预选,2016-09-06 02:45,塞尔维亚,2-2,爱尔兰
972,国际友谊,2016-06-01 02:15,塞尔维亚,3-1,以色列
973,国际友谊,2016-05-25 23:00,塞尔维亚,2-1,塞浦路斯
974,国际友谊,2016-03-29 23:59,爱沙尼亚,0-1,塞尔维亚
975,国际友谊,2016-03-24 03:45,波兰,1-0,塞尔维亚
976,国际友谊,2015-11-14 03:30,捷克,4-1,塞尔维亚
977,欧洲杯,2015-10-09 02:45,阿尔巴尼亚,0-2,塞尔维亚
978,欧洲杯,2015-09-05 02:45,塞尔维亚,2-0,阿美尼亚
979,国际友谊,2015-06-07 23:00,塞尔维亚,4-1,阿塞拜疆
980,国际友谊,2014-11-19 01:00,希腊,0-2,塞尔维亚
981,欧洲杯,2014-10-15 02:45,塞尔维亚,0-3,阿尔巴尼亚
982,欧洲杯,2014-10-11 23:59,阿美尼亚,1-1,塞尔维亚
983,国际友谊,2014-06-07 03:10,巴西,1-0,塞尔维亚
984,国际友谊,2014-06-01 08:00,巴拿马,1-1,塞尔维亚
985,国际友谊,2014-05-27 04:10,塞尔维亚,2-1,牙买加
986,国际友谊,2014-03-06 03:45,爱尔兰,1-2,塞尔维亚
987,欧洲预选,2013-10-16 02:30,塞尔维亚,5-1,马其顿
988,欧洲预选,2013-09-11 02:45,威尔士,0-3,塞尔维亚
989,球会友谊,2013-08-15 02:00,哥伦比亚,1-0,塞尔维亚
990,欧洲预选,2013-06-08 02:45,比利时,2-1,塞尔维亚
991,欧洲预选,2013-03-27 03:30,塞尔维亚,2-0,苏格兰
992,球会友谊,2013-02-06 23:59,塞浦路斯,1-3,塞尔维亚
993,球会友谊,2012-11-15 03:00,智利,1-3,塞尔维亚
994,欧洲预选,2012-10-17 02:30,马其顿,1-0,塞尔维亚
995,欧洲预选,2012-10-13 02:30,塞尔维亚,0-3,比利时
996,欧洲预选,2012-09-12 02:30,塞尔维亚,6-1,威尔士
997,欧洲预选,2012-09-08 22:00,苏格兰,0-0,塞尔维亚
998,球会友谊,2012-08-16 02:45,塞尔维亚,0-0,爱尔兰
999,球会友谊,2012-06-06 01:00,瑞典,2-1,塞尔维亚
1000,欧洲杯,2011-10-12 02:45,斯洛文尼亚,1-0,塞尔维亚
1001,欧洲杯,2011-10-08 02:45,塞尔维亚,1-1,意大利
1002,欧洲杯,2011-09-07 02:30,塞尔维亚,3-1,法罗群岛
1003,欧洲杯,2011-09-03 02:45,北爱尔兰,0-1,塞尔维亚
1004,欧洲预选,2017-11-13 01:00,瑞士,0-0,北爱尔兰
1005,欧洲预选,2017-11-10 03:45,北爱尔兰,0-1,瑞士
1006,欧洲预选,2017-10-08 02:45,瑞士,5-2,匈牙利
1007,欧洲预选,2017-09-04 02:45,拉脱维亚,0-3,瑞士
1008,欧洲预选,2017-09-01 02:45,瑞士,3-0,安道尔
1009,欧洲预选,2017-06-10 02:45,法罗群岛,0-2,瑞士
1010,国际友谊,2017-06-02 02:45,瑞士,1-0,白俄罗斯
1011,欧洲预选,2017-03-26 01:00,瑞士,1-0,拉脱维亚
1012,欧洲预选,2016-11-14 01:00,瑞士,2-0,法罗群岛
1013,欧洲预选,2016-10-11 02:45,安道尔,1-2,瑞士
1014,欧洲预选,2016-10-08 02:45,匈牙利,2-3,瑞士
1015,欧洲杯,2016-06-25 21:00,瑞士,1-1,波兰
1016,欧洲杯,2016-06-15 23:59,罗马尼亚,1-1,瑞士
1017,欧洲杯,2016-06-11 21:00,瑞士,1-0,阿尔巴尼亚
1018,国际友谊,2016-06-03 23:59,瑞士,2-1,摩尔多瓦
1019,国际友谊,2016-05-28 22:15,瑞士,1-2,比利时
1020,国际友谊,2016-03-30 02:30,瑞士,0-2,波黑
1021,国际友谊,2016-03-26 03:45,爱尔兰,1-0,瑞士
1022,国际友谊,2015-11-18 03:45,奥地利,1-2,瑞士
1023,国际友谊,2015-11-14 03:45,斯洛伐克,3-2,瑞士
1024,欧洲杯,2015-10-13 02:45,爱沙尼亚,0-1,瑞士
1025,欧洲杯,2015-10-10 02:45,瑞士,7-0,圣马力诺
1026,欧洲杯,2015-09-09 02:45,英格兰,2-0,瑞士
1027,欧洲杯,2015-09-06 02:45,瑞士,3-2,斯洛文尼亚
1028,欧洲杯,2015-06-15 02:45,立陶宛,1-2,瑞士
1029,国际友谊,2015-06-11 02:15,瑞士,3-0,列支敦士登
1030,国际友谊,2015-04-01 00:10,瑞士,1-1,美国
1031,欧洲杯,2015-03-28 03:45,瑞士,3-0,爱沙尼亚
1032,国际友谊,2014-11-19 03:45,波兰,2-2,瑞士
1033,欧洲杯,2014-11-16 03:45,瑞士,4-0,立陶宛
1034,欧洲杯,2014-10-15 02:45,圣马力诺,0-4,瑞士
1035,欧洲杯,2014-10-10 02:45,斯洛文尼亚,1-0,瑞士
1036,欧洲杯,2014-09-09 02:45,瑞士,0-2,英格兰
1037,世界杯,2014-06-26 04:00,洪都拉斯,0-3,瑞士
1038,世界杯,2014-06-16 00:00,瑞士,2-1,厄瓜多尔
1039,国际友谊,2014-05-31 02:30,瑞士,1-0,牙买加
1040,球会友谊,2013-11-15 19:00,韩国,2-1,瑞士
1041,欧洲预选,2013-10-16 02:00,瑞士,1-0,斯洛文尼亚
1042,欧洲预选,2013-10-12 02:30,阿尔巴尼亚,1-2,瑞士
1043,欧洲预选,2013-09-11 01:00,挪威,0-2,瑞士
1044,球会友谊,2013-08-15 02:45,瑞士,1-0,巴西
1045,欧洲预选,2013-06-08 23:30,瑞士,1-0,塞浦路斯
1046,欧洲预选,2013-03-24 00:30,塞浦路斯,0-0,瑞士
1047,球会友谊,2013-02-07 03:30,希腊,0-0,瑞士
1048,欧洲预选,2012-10-13 02:30,瑞士,1-1,挪威
1049,欧洲预选,2012-09-12 02:30,瑞士,2-0,阿尔巴尼亚
1050,欧洲预选,2012-09-08 02:30,斯洛文尼亚,0-2,瑞士
1051,球会友谊,2012-05-31 02:15,瑞士,0-1,罗马尼亚
1052,球会友谊,2012-05-26 23:59,瑞士,5-3,德国
1053,欧洲杯,2011-10-12 02:15,瑞士,2-0,黑山
1054,欧洲杯,2011-10-08 02:45,威尔士,2-0,瑞士
1055,欧洲杯,2011-09-07 02:30,瑞士,3-1,保加利亚
1056,国际友谊,2017-11-15 04:00,英格兰,0-0,巴西
1057,国际友谊,2017-11-10 20:00,日本,1-3,巴西
1058,南美预选,2017-10-11 07:30,巴西,3-0,智利
1059,南美预选,2017-10-06 04:00,玻利维亚,0-0,巴西
1060,南美预选,2017-09-06 04:30,哥伦比亚,1-1,巴西
1061,南美预选,2017-09-01 08:45,巴西,2-0,厄瓜多尔
1062,南美预选,2017-03-29 08:45,巴西,3-0,巴拉圭
1063,国际友谊,2017-01-26 07:45,巴西,1-0,哥伦比亚
1064,南美预选,2016-10-12 08:30,委内瑞拉,0-2,巴西
1065,南美预选,2016-10-07 08:45,巴西,5-0,玻利维亚
1066,南美预选,2016-09-07 08:45,巴西,2-1,哥伦比亚
1067,南美预选,2016-09-02 05:00,厄瓜多尔,0-3,巴西
1068,美洲杯,2016-06-09 07:30,巴西,7-1,海地
1069,美洲杯,2016-06-05 10:00,巴西,0-0,厄瓜多尔
1070,国际友谊,2016-05-30 09:30,巴西,2-0,巴拿马
1071,南美预选,2016-03-30 08:45,巴拉圭,2-2,巴西
1072,南美预选,2015-10-14 09:00,巴西,3-1,委内瑞拉
1073,南美预选,2015-10-09 07:35,智利,2-0,巴西
1074,国际友谊,2015-09-09 08:40,美国,1-4,巴西
1075,国际友谊,2015-09-06 04:00,哥斯达黎加,0-1,巴西
1076,美洲杯,2015-06-28 05:30,巴西,1-1,巴拉圭
1077,美洲杯,2015-06-22 05:30,巴西,2-1,委内瑞拉
1078,美洲杯,2015-06-18 08:00,巴西,0-1,哥伦比亚
1079,国际友谊,2015-06-11 09:00,巴西,1-0,洪都拉斯
1080,国际友谊,2015-06-08 04:00,巴西,2-0,墨西哥
1081,国际友谊,2015-03-29 22:00,巴西,1-0,智利
1082,国际友谊,2014-11-19 02:00,奥地利,1-2,巴西
1083,国际友谊,2014-11-13 02:30,土耳其,0-4,巴西
1084,国际友谊,2014-10-14 18:45,日本,0-4,巴西
1085,国际友谊,2014-09-10 09:00,巴西,1-0,厄瓜多尔
1086,国际友谊,2014-09-06 09:00,巴西,1-0,哥伦比亚
1087,世界杯,2014-07-13 04:00,巴西,0-3,荷兰
1088,世界杯,2014-07-09 04:00,巴西,1-7,德国
1089,世界杯,2014-07-05 04:00,巴西,2-1,哥伦比亚
1090,世界杯,2014-06-29 00:00,巴西,1-1,智利
1091,世界杯,2014-06-24 04:00,巴西,4-1,喀麦隆
1092,世界杯,2014-06-18 03:00,巴西,0-0,墨西哥
1093,国际友谊,2014-06-04 03:00,巴西,4-0,巴拿马
1094,国际友谊,2014-03-06 01:00,南非,0-5,巴西
1095,球会友谊,2013-11-20 09:00,巴西,2-1,智利
1096,球会友谊,2013-11-17 08:30,巴西,5-0,洪都拉斯
1097,球会友谊,2013-10-12 19:00,韩国,0-2,巴西
1098,洲际杯,2013-06-23 03:00,巴西,4-2,意大利
1099,洲际杯,2013-06-20 03:00,巴西,2-0,墨西哥
1100,洲际杯,2013-06-16 03:00,巴西,3-0,日本
1101,球会友谊,2013-06-03 03:00,巴西,2-2,英格兰
1102,球会友谊,2013-03-22 03:30,巴西,2-2,意大利
1103,球会友谊,2013-02-07 03:30,英格兰,2-1,巴西
1104,球会友谊,2012-11-15 08:30,巴西,1-1,哥伦比亚
1105,球会友谊,2012-10-16 20:10,日本,0-4,巴西
1106,球会友谊,2012-09-11 09:00,巴西,8-0,中国
1107,球会友谊,2012-08-16 02:00,瑞典,0-3,巴西
1108,球会友谊,2012-06-04 03:00,巴西,0-2,墨西哥
1109,球会友谊,2012-05-31 08:00,美国,1-4,巴西
1110,球会友谊,2012-02-29 03:00,波黑,1-2,巴西
1111,美洲杯,2011-07-18 03:00,巴西,0-0,巴拉圭
1112,美洲杯,2011-07-14 08:45,巴西,4-2,厄瓜多尔
1113,美洲杯,2011-07-10 03:00,巴西,2-2,巴拉圭
1114,美洲杯,2011-07-04 03:00,巴西,0-0,委内瑞拉
1115,国际友谊,2017-11-15 03:15,匈牙利,1-0,哥斯达黎加
1116,北美预选,2017-10-11 08:00,巴拿马,2-1,哥斯达黎加
1117,北美预选,2017-10-08 06:00,哥斯达黎加,1-1,洪都拉斯
1118,北美预选,2017-09-06 10:05,哥斯达黎加,1-1,墨西哥
1119,北美预选,2017-09-02 06:55,美国,0-2,哥斯达黎加
1120,美金杯,2017-07-23 10:15,哥斯达黎加,0-2,美国
1121,美金杯,2017-07-20 06:15,哥斯达黎加,1-0,巴拿马
1122,美金杯,2017-07-15 07:35,哥斯达黎加,3-0,法属圭亚那
1123,美金杯,2017-07-12 07:40,哥斯达黎加,1-1,加拿大
1124,美金杯,2017-07-08 09:35,洪都拉斯,0-1,哥斯达黎加
1125,北美预选,2017-06-14 10:00,哥斯达黎加,2-1,特立尼达和多巴哥
1126,北美预选,2017-06-09 10:00,哥斯达黎加,0-0,巴拿马
1127,北美预选,2017-03-29 05:00,洪都拉斯,1-1,哥斯达黎加
1128,北美预选,2017-03-25 09:50,墨西哥,2-0,哥斯达黎加
1129,中美杯,2017-01-23 05:05,巴拿马,1-0,哥斯达黎加
1130,中美杯,2017-01-21 07:30,洪都拉斯,1-1,哥斯达黎加
1131,中美杯,2017-01-18 07:35,哥斯达黎加,0-0,尼加拉瓜
1132,中美杯,2017-01-16 02:00,伯利兹,0-3,哥斯达黎加
1133,中美杯,2017-01-14 07:30,哥斯达黎加,0-0,萨尔瓦多
1134,北美预选,2016-11-16 10:05,哥斯达黎加,4-0,美国
1135,北美预选,2016-11-12 07:00,特立尼达和多巴哥,0-2,哥斯达黎加
1136,北美预选,2016-09-07 09:30,哥斯达黎加,3-1,巴拿马
1137,北美预选,2016-09-03 08:00,海地,0-1,哥斯达黎加
1138,美洲杯,2016-06-12 09:20,哥伦比亚,2-3,哥斯达黎加
1139,美洲杯,2016-06-08 08:00,美国,4-0,哥斯达黎加
1140,美洲杯,2016-06-05 05:00,哥斯达黎加,0-0,巴拉圭
1141,国际友谊,2016-05-28 10:00,哥斯达黎加,2-1,委内瑞拉
1142,北美预选,2016-03-30 10:00,哥斯达黎加,3-0,牙买加
1143,北美预选,2016-03-26 08:00,牙买加,1-1,哥斯达黎加
1144,国际友谊,2016-02-03 08:00,委内瑞拉,1-0,哥斯达黎加
1145,北美预选,2015-11-18 09:30,巴拿马,1-2,哥斯达黎加
1146,北美预选,2015-11-14 10:00,哥斯达黎加,1-0,海地
1147,国际友谊,2015-10-14 07:05,美国,0-1,哥斯达黎加
1148,国际友谊,2015-10-09 10:05,哥斯达黎加,0-1,南非
1149,美金杯,2015-07-20 07:30,墨西哥,0-0,哥斯达黎加
1150,美金杯,2015-07-15 08:45,加拿大,0-0,哥斯达黎加
1151,美金杯,2015-07-12 09:00,哥斯达黎加,1-1,萨尔瓦多
1152,美金杯,2015-07-09 08:10,哥斯达黎加,2-2,牙买加
1153,国际友谊,2015-06-28 06:10,墨西哥,2-2,哥斯达黎加
1154,国际友谊,2015-06-07 05:15,哥伦比亚,1-0,哥斯达黎加
1155,国际友谊,2015-04-01 09:00,巴拿马,2-1,哥斯达黎加
1156,国际友谊,2015-03-27 10:00,哥斯达黎加,0-0,巴拉圭
1157,国际友谊,2014-10-14 19:00,韩国,1-3,哥斯达黎加
1158,国际友谊,2014-10-10 22:30,阿曼,3-4,哥斯达黎加
1159,中美杯,2014-09-14 12:00,危地马拉,1-2,哥斯达黎加
1160,中美杯,2014-09-08 05:00,哥斯达黎加,2-2,巴拿马
1161,中美杯,2014-09-04 05:30,哥斯达黎加,3-0,尼加拉瓜
1162,世界杯,2014-07-06 04:00,荷兰,0-0,哥斯达黎加
1163,世界杯,2014-06-30 04:00,哥斯达黎加,1-1,希腊
1164,世界杯,2014-06-25 00:00,哥斯达黎加,0-0,英格兰
1165,世界杯,2014-06-21 00:00,意大利,0-1,哥斯达黎加
1166,国际友谊,2014-06-07 08:10,爱尔兰,1-1,哥斯达黎加
1167,国际友谊,2014-06-03 09:00,日本,3-1,哥斯达黎加
1168,国际友谊,2014-03-06 10:05,哥斯达黎加,2-1,巴拉圭
1169,北美预选,2013-10-16 09:30,哥斯达黎加,2-1,墨西哥
1170,北美预选,2013-10-12 05:00,洪都拉斯,1-0,哥斯达黎加
1171,北美预选,2013-09-11 08:00,牙买加,1-1,哥斯达黎加
1172,北美预选,2012-09-12 09:00,墨西哥,1-0,哥斯达黎加
1173,球会友谊,2012-03-01 03:45,威尔士,0-1,哥斯达黎加
1174,美洲杯,2011-07-08 06:15,玻利维亚,0-2,哥斯达黎加
1175,美洲杯,2011-07-03 02:30,哥伦比亚,1-0,哥斯达黎加
1176,欧洲预选,2017-11-14 03:45,意大利,0-0,瑞典
1177,欧洲预选,2017-11-11 03:45,瑞典,1-0,意大利
1178,欧洲预选,2017-10-11 02:45,荷兰,2-0,瑞典
1179,欧洲预选,2017-10-07 23:59,瑞典,8-0,卢森堡
1180,欧洲预选,2017-09-03 23:59,白俄罗斯,0-4,瑞典
1181,欧洲预选,2017-09-01 02:45,保加利亚,3-2,瑞典
1182,国际友谊,2017-06-14 01:45,挪威,1-1,瑞典
1183,欧洲预选,2017-03-26 01:00,瑞典,4-0,白俄罗斯
1184,国际友谊,2017-01-12 23:45,瑞典,6-0,斯洛伐克
1185,国际友谊,2017-01-08 20:45,瑞典,1-2,科特迪瓦
1186,国际友谊,2016-11-16 02:45,匈牙利,0-2,瑞典
1187,欧洲预选,2016-10-11 02:45,瑞典,3-0,保加利亚
1188,欧洲预选,2016-10-08 02:45,卢森堡,0-1,瑞典
1189,欧洲预选,2016-09-07 02:45,瑞典,1-1,荷兰
1190,欧洲杯,2016-06-23 03:00,瑞典,0-1,比利时
1191,欧洲杯,2016-06-17 21:00,意大利,1-0,瑞典
1192,欧洲杯,2016-06-13 23:59,瑞典,1-1,爱尔兰
1193,国际友谊,2016-06-05 22:00,瑞典,3-0,威尔士
1194,国际友谊,2016-05-31 01:30,瑞典,0-0,斯洛文尼亚
1195,国际友谊,2016-03-30 02:30,瑞典,1-1,捷克
1196,国际友谊,2016-03-25 02:45,土耳其,2-1,瑞典
1197,国际友谊,2016-01-10 22:45,瑞典,3-0,芬兰
1198,国际友谊,2016-01-06 23:45,瑞典,1-1,爱沙尼亚
1199,欧洲杯,2015-10-12 23:59,瑞典,2-0,摩尔多瓦
1200,欧洲杯,2015-10-10 02:45,列支敦士登,0-2,瑞典
1201,欧洲杯,2015-09-09 02:45,瑞典,1-4,奥地利
1202,欧洲杯,2015-06-15 02:45,瑞典,3-1,黑山
1203,国际友谊,2015-06-09 02:00,挪威,0-0,瑞典
1204,欧洲杯,2015-03-28 03:45,摩尔多瓦,0-2,瑞典
1205,国际友谊,2015-01-20 02:30,瑞典,0-1,芬兰
1206,国际友谊,2015-01-16 01:30,瑞典,2-0,科特迪瓦
1207,欧洲杯,2014-11-16 03:45,黑山,1-1,瑞典
1208,欧洲杯,2014-10-13 02:45,瑞典,2-0,列支敦士登
1209,欧洲杯,2014-09-09 02:45,奥地利,1-1,瑞典
1210,国际友谊,2014-09-05 01:45,瑞典,2-0,爱沙尼亚
1211,国际友谊,2014-06-02 02:30,瑞典,0-2,比利时
1212,国际友谊,2014-03-06 02:30,土耳其,2-1,瑞典
1213,欧洲预选,2013-10-16 02:45,瑞典,3-5,德国
1214,欧洲预选,2013-10-12 02:45,瑞典,2-1,奥地利
1215,欧洲预选,2013-09-10 23:59,哈萨克斯坦,0-1,瑞典
1216,欧洲预选,2013-09-07 02:45,爱尔兰,1-2,瑞典
1217,球会友谊,2013-08-15 02:00,瑞典,4-2,挪威
1218,欧洲预选,2013-06-12 01:15,瑞典,2-0,法罗群岛
1219,欧洲预选,2013-06-08 02:45,奥地利,2-1,瑞典
1220,欧洲预选,2013-03-23 03:45,瑞典,0-0,爱尔兰
1221,球会友谊,2012-11-15 03:30,瑞典,4-2,英格兰
1222,欧洲预选,2012-10-17 02:45,德国,4-4,瑞典
1223,欧洲预选,2012-10-12 23:59,法罗群岛,1-2,瑞典
1224,欧洲预选,2012-09-12 02:30,瑞典,2-0,哈萨克斯坦
1225,欧洲杯,2012-06-16 03:00,瑞典,2-3,英格兰
1226,欧洲杯,2012-06-12 02:45,乌克兰,2-1,瑞典
1227,欧洲杯,2011-10-12 02:15,瑞典,3-2,荷兰
1228,欧洲杯,2011-10-08 00:15,芬兰,1-2,瑞典
1229,欧洲杯,2011-09-07 02:30,圣马力诺,0-5,瑞典
1230,欧洲杯,2011-09-03 01:45,匈牙利,2-1,瑞典
1231,国际友谊,2017-11-11 04:00,英格兰,0-0,德国
1232,欧洲预选,2017-10-09 02:45,德国,5-1,阿塞拜疆
1233,欧洲预选,2017-10-06 02:45,北爱尔兰,1-3,德国
1234,欧洲预选,2017-09-05 02:45,德国,6-0,挪威
1235,欧洲预选,2017-09-02 02:45,捷克,1-2,德国
1236,洲际杯,2017-07-03 02:00,智利,0-1,德国
1237,洲际杯,2017-06-30 02:00,德国,4-1,墨西哥
1238,洲际杯,2017-06-25 23:00,德国,3-1,喀麦隆
1239,洲际杯,2017-06-23 02:00,德国,1-1,智利
1240,欧洲预选,2017-06-11 02:45,德国,7-0,圣马力诺
1241,欧洲预选,2017-03-26 23:59,阿塞拜疆,1-4,德国
1242,国际友谊,2017-03-23 03:45,德国,1-0,英格兰
1243,国际友谊,2016-11-16 03:45,意大利,0-0,德国
1244,欧洲预选,2016-11-12 03:45,圣马力诺,0-8,德国
1245,欧洲预选,2016-10-12 02:45,德国,2-0,北爱尔兰
1246,欧洲预选,2016-10-09 02:45,德国,3-0,捷克
1247,欧洲预选,2016-09-05 02:45,挪威,0-3,德国
1248,国际友谊,2016-09-01 02:45,德国,2-0,芬兰
1249,欧洲杯,2016-07-03 03:00,德国,1-1,意大利
1250,欧洲杯,2016-06-26 23:59,德国,3-0,斯洛伐克
1251,欧洲杯,2016-06-21 23:59,北爱尔兰,0-1,德国
1252,欧洲杯,2016-06-17 03:00,德国,0-0,波兰
1253,欧洲杯,2016-06-13 03:00,德国,2-0,乌克兰
1254,国际友谊,2016-06-04 23:59,德国,2-0,匈牙利
1255,国际友谊,2016-05-29 23:45,德国,1-3,斯洛伐克
1256,国际友谊,2016-03-30 02:45,德国,4-1,意大利
1257,国际友谊,2016-03-27 03:45,德国,2-3,英格兰
1258,欧洲杯,2015-10-12 02:45,德国,2-1,格鲁吉亚
1259,欧洲杯,2015-10-09 02:45,爱尔兰,1-0,德国
1260,欧洲杯,2015-09-08 02:45,苏格兰,2-3,德国
1261,欧洲杯,2015-09-05 02:45,德国,3-1,波兰
1262,欧洲杯,2015-06-14 02:45,直布罗陀,0-7,德国
1263,国际友谊,2015-06-11 02:45,德国,1-2,美国
1264,欧洲杯,2015-03-29 23:59,格鲁吉亚,0-2,德国
1265,欧洲杯,2014-11-15 03:45,德国,4-0,直布罗陀
1266,欧洲杯,2014-10-15 02:45,德国,1-1,爱尔兰
1267,欧洲杯,2014-10-12 02:45,波兰,2-0,德国
1268,欧洲杯,2014-09-08 02:45,德国,2-1,苏格兰
1269,世界杯,2014-07-01 04:00,德国,0-0,阿尔及利亚
1270,世界杯,2014-06-27 00:00,美国,0-1,德国
1271,世界杯,2014-06-22 03:00,德国,2-2,加纳
1272,国际友谊,2014-06-07 02:45,德国,6-1,阿美尼亚
1273,国际友谊,2014-06-02 02:30,德国,2-2,喀麦隆
1274,国际友谊,2014-05-14 02:45,德国,0-0,波兰
1275,国际友谊,2014-03-06 03:45,德国,1-0,智利
1276,球会友谊,2013-11-20 04:00,英格兰,0-1,德国
1277,球会友谊,2013-11-16 03:45,意大利,1-1,德国
1278,欧洲预选,2013-10-12 02:45,德国,3-0,爱尔兰
1279,欧洲预选,2013-09-11 02:45,法罗群岛,0-3,德国
1280,欧洲预选,2013-09-07 02:45,德国,3-0,奥地利
1281,球会友谊,2013-08-15 02:45,德国,3-3,巴拉圭
1282,球会友谊,2013-06-03 02:30,美国,4-3,德国
1283,球会友谊,2013-05-30 02:30,德国,4-2,厄瓜多尔
1284,欧洲预选,2013-03-27 03:45,德国,4-1,哈萨克斯坦
1285,欧洲预选,2013-03-23 02:00,哈萨克斯坦,0-3,德国
1286,球会友谊,2012-11-15 03:30,荷兰,0-0,德国
1287,欧洲预选,2012-10-13 02:45,爱尔兰,1-6,德国
1288,欧洲预选,2012-09-12 02:30,奥地利,1-2,德国
1289,欧洲预选,2012-09-08 02:45,德国,3-0,法罗群岛
1290,欧洲杯,2012-06-29 02:45,德国,1-2,意大利
1291,欧洲杯,2012-06-23 02:45,德国,4-2,希腊
1292,欧洲杯,2012-06-14 02:45,荷兰,1-2,德国
1293,球会友谊,2012-06-01 02:30,德国,2-0,以色列
1294,欧洲杯,2011-10-12 01:00,德国,3-1,比利时
1295,欧洲杯,2011-10-08 02:30,土耳其,1-3,德国
1296,欧洲杯,2011-09-03 02:45,德国,6-2,奥地利
1297,国际友谊,2017-11-14 03:45,波兰,0-1,墨西哥
1298,国际友谊,2017-11-11 03:45,比利时,3-3,墨西哥
1299,北美预选,2017-10-11 08:00,洪都拉斯,3-2,墨西哥
1300,北美预选,2017-10-07 09:40,墨西哥,3-1,特立尼达和多巴哥
1301,北美预选,2017-09-02 09:30,墨西哥,1-0,巴拿马
1302,美金杯,2017-07-24 09:00,墨西哥,0-1,牙买加
1303,美金杯,2017-07-21 10:30,墨西哥,1-0,洪都拉斯
1304,美金杯,2017-07-17 08:35,库拉索,0-2,墨西哥
1305,美金杯,2017-07-14 10:30,墨西哥,0-0,牙买加
1306,美金杯,2017-07-10 09:30,墨西哥,3-1,萨尔瓦多
1307,国际友谊,2017-07-02 08:30,墨西哥,2-1,巴拉圭
1308,国际友谊,2017-06-29 09:05,墨西哥,1-0,加纳
1309,洲际杯,2017-06-22 02:00,墨西哥,2-1,新西兰
1310,北美预选,2017-06-12 08:30,墨西哥,1-1,美国
1311,北美预选,2017-06-09 10:00,墨西哥,3-0,洪都拉斯
1312,国际友谊,2017-06-02 08:30,墨西哥,3-1,爱尔兰
1313,北美预选,2017-03-29 07:00,特立尼达和多巴哥,0-1,墨西哥
1314,北美预选,2016-11-16 10:05,巴拿马,0-0,墨西哥
1315,北美预选,2016-11-12 09:00,美国,1-2,墨西哥
1316,国际友谊,2016-10-12 10:00,巴拿马,0-1,墨西哥
1317,国际友谊,2016-10-09 06:40,墨西哥,2-1,新西兰
1318,北美预选,2016-09-07 10:00,墨西哥,0-0,洪都拉斯
1319,北美预选,2016-09-03 10:05,萨尔瓦多,1-3,墨西哥
1320,美洲杯,2016-06-19 10:00,智利,7-0,墨西哥
1321,美洲杯,2016-06-14 08:00,墨西哥,1-1,委内瑞拉
1322,美洲杯,2016-06-10 10:00,墨西哥,2-0,牙买加
1323,国际友谊,2016-06-02 10:10,墨西哥,1-0,智利
1324,国际友谊,2016-05-29 05:30,墨西哥,1-0,巴拉圭
1325,北美预选,2016-03-30 10:30,墨西哥,2-0,加拿大
1326,北美预选,2016-03-26 10:05,加拿大,0-3,墨西哥
1327,国际友谊,2016-02-11 09:35,墨西哥,2-0,塞内加尔
1328,北美预选,2015-11-18 05:00,洪都拉斯,0-2,墨西哥
1329,北美预选,2015-11-14 10:05,墨西哥,3-0,萨尔瓦多
1330,国际友谊,2015-10-14 10:00,墨西哥,1-0,巴拿马
1331,国际友谊,2015-10-11 09:40,美国,1-1,墨西哥
1332,国际友谊,2015-09-05 10:05,墨西哥,3-3,特立尼达和多巴哥
1333,美金杯,2015-07-27 08:05,牙买加,1-3,墨西哥
1334,美金杯,2015-07-23 09:00,巴拿马,1-1,墨西哥
1335,美金杯,2015-07-16 08:30,墨西哥,4-4,特立尼达和多巴哥
1336,美金杯,2015-07-13 09:10,危地马拉,0-0,墨西哥
1337,美金杯,2015-07-10 09:45,墨西哥,6-0,古巴
1338,国际友谊,2015-07-02 09:35,洪都拉斯,0-0,墨西哥
1339,美洲杯,2015-06-20 05:00,墨西哥,1-2,厄瓜多尔
1340,美洲杯,2015-06-16 07:30,智利,3-3,墨西哥
1341,美洲杯,2015-06-13 07:30,墨西哥,0-0,玻利维亚
1342,国际友谊,2015-05-31 06:00,墨西哥,3-0,危地马拉
1343,国际友谊,2015-04-16 09:00,美国,2-0,墨西哥
1344,国际友谊,2015-04-01 09:00,墨西哥,1-0,巴拉圭
1345,国际友谊,2015-03-29 09:35,墨西哥,1-0,厄瓜多尔
1346,国际友谊,2014-11-19 01:00,白俄罗斯,3-2,墨西哥
1347,国际友谊,2014-11-13 03:30,荷兰,2-3,墨西哥
1348,国际友谊,2014-10-13 05:00,墨西哥,1-0,巴拿马
1349,国际友谊,2014-10-10 09:00,墨西哥,2-0,洪都拉斯
1350,国际友谊,2014-09-10 10:00,玻利维亚,0-1,墨西哥
1351,国际友谊,2014-09-07 10:00,墨西哥,0-0,智利
1352,世界杯,2014-06-30 00:00,荷兰,2-1,墨西哥
1353,世界杯,2014-06-14 00:00,墨西哥,1-0,喀麦隆
1354,球会友谊,2014-06-04 09:30,波黑,1-0,墨西哥
1355,国际友谊,2014-06-01 03:10,墨西哥,3-1,厄瓜多尔
1356,国际友谊,2014-05-29 09:30,墨西哥,3-0,以色列
1357,国际友谊,2014-04-03 11:20,美国,2-2,墨西哥
1358,世界杯附,2013-11-20 14:00,新西兰,2-4,墨西哥
1359,世界杯附,2013-11-14 04:30,墨西哥,5-1,新西兰
1360,北美预选,2013-10-12 09:30,墨西哥,2-1,巴拿马
1361,北美预选,2013-09-11 08:05,美国,2-0,墨西哥
1362,洲际杯,2013-06-23 03:00,日本,1-2,墨西哥
1363,洲际杯,2013-06-17 03:00,墨西哥,1-2,意大利
1364,球会友谊,2012-08-16 08:10,墨西哥,0-1,美国
1365,球会友谊,2012-06-01 09:00,墨西哥,2-1,波黑
1366,球会友谊,2012-05-28 03:00,威尔士,0-2,墨西哥
1367,球会友谊,2012-03-01 09:15,墨西哥,0-2,哥伦比亚
1368,美洲杯,2011-07-05 08:45,智利,2-1,墨西哥
1369,东亚杯,2017-12-16 18:15,日本,1-4,韩国
1370,东亚杯,2017-12-12 15:30,朝鲜,0-1,韩国
1371,东亚杯,2017-12-09 15:30,韩国,2-2,中国
1372,国际友谊,2017-11-10 19:00,韩国,2-1,哥伦比亚
1373,亚洲预选,2017-09-05 23:00,乌兹别克,0-0,韩国
1374,亚洲预选,2017-06-14 03:00,卡塔尔,3-2,韩国
1375,国际友谊,2017-06-08 01:00,伊拉克,0-0,韩国
1376,亚洲预选,2017-03-28 19:00,韩国,1-0,叙利亚
1377,亚洲预选,2017-03-23 19:35,中国,1-0,韩国
1378,亚洲预选,2016-11-15 19:00,韩国,2-1,乌兹别克
1379,国际友谊,2016-11-11 19:00,韩国,2-0,加拿大
1380,亚洲预选,2016-10-06 19:00,韩国,3-2,卡塔尔
1381,亚洲预选,2016-09-06 20:00,叙利亚,0-0,韩国
1382,亚洲预选,2016-09-01 19:00,韩国,3-2,中国
1383,国际友谊,2016-06-05 21:10,捷克,1-2,韩国
1384,国际友谊,2016-03-27 20:30,泰国,0-1,韩国
1385,亚洲预选,2016-03-24 19:00,韩国,1-0,黎巴嫩
1386,亚洲预选,2015-11-17 20:00,老挝,0-5,韩国
1387,亚洲预选,2015-11-12 19:00,韩国,4-0,缅甸联邦
1388,国际友谊,2015-10-13 19:00,韩国,3-0,牙买加
1389,亚洲预选,2015-10-08 22:55,科威特,0-1,韩国
1390,亚洲预选,2015-09-08 22:00,黎巴嫩,0-3,韩国
1391,亚洲预选,2015-09-03 19:00,韩国,8-0,老挝
1392,东亚杯,2015-08-09 17:10,韩国,0-0,朝鲜
1393,东亚杯,2015-08-05 18:20,日本,1-1,韩国
1394,东亚杯,2015-08-02 21:00,中国,0-2,韩国
1395,亚洲预选,2015-06-16 20:00,缅甸联邦,0-2,韩国
1396,国际友谊,2015-06-11 17:20,韩国,3-0,阿联酋
1397,国际友谊,2015-03-27 19:00,韩国,1-1,乌兹别克
1398,亚洲杯,2015-01-26 17:00,韩国,2-0,伊拉克
1399,亚洲杯,2015-01-22 15:30,韩国,0-0,乌兹别克
1400,亚洲杯,2015-01-13 15:00,科威特,0-1,韩国
1401,亚洲杯,2015-01-10 13:00,韩国,1-0,阿曼
1402,国际友谊,2014-11-14 22:30,约旦,0-1,韩国
1403,国际友谊,2014-10-10 19:00,韩国,2-0,巴拉圭
1404,世界杯,2014-06-27 04:00,韩国,0-1,比利时
1405,世界杯,2014-06-23 03:00,韩国,2-4,阿尔及利亚
1406,国际友谊,2014-06-10 07:00,韩国,0-4,加纳
1407,国际友谊,2014-05-28 19:00,韩国,0-1,突尼斯
1408,国际友谊,2014-03-06 01:00,希腊,0-2,韩国
1409,亚洲预选,2013-06-11 19:00,韩国,1-0,乌兹别克
1410,亚洲预选,2013-06-05 01:30,黎巴嫩,1-1,韩国
1411,亚洲预选,2013-03-26 19:00,韩国,2-1,卡塔尔
1412,亚洲预选,2012-09-11 21:00,乌兹别克,2-2,韩国
1413,亚洲预选,2012-06-12 19:00,韩国,3-0,黎巴嫩
1414,亚洲预选,2012-06-09 00:15,卡塔尔,1-4,韩国
1415,国际友谊,2017-11-15 03:45,比利时,1-0,日本
1416,欧洲预选,2017-10-11 02:45,比利时,4-0,塞浦路斯
1417,欧洲预选,2017-10-07 23:59,波黑,3-4,比利时
1418,欧洲预选,2017-09-04 02:45,希腊,1-2,比利时
1419,欧洲预选,2017-09-01 02:45,比利时,9-0,直布罗陀
1420,欧洲预选,2017-06-10 02:45,爱沙尼亚,0-2,比利时
1421,国际友谊,2017-06-06 02:45,比利时,2-1,捷克
1422,欧洲预选,2017-03-26 03:45,比利时,1-1,希腊
1423,欧洲预选,2016-11-14 03:45,比利时,8-1,爱沙尼亚
1424,国际友谊,2016-11-10 03:45,荷兰,1-1,比利时
1425,欧洲预选,2016-10-11 02:45,直布罗陀,0-6,比利时
1426,欧洲预选,2016-10-08 02:45,比利时,4-0,波黑
1427,欧洲预选,2016-09-07 02:45,塞浦路斯,0-3,比利时
1428,欧洲杯,2016-07-02 03:00,威尔士,3-1,比利时
1429,欧洲杯,2016-06-27 03:00,匈牙利,0-4,比利时
1430,欧洲杯,2016-06-18 21:00,比利时,3-0,爱尔兰
1431,欧洲杯,2016-06-14 03:00,比利时,0-2,意大利
1432,国际友谊,2016-06-05 23:59,比利时,3-2,挪威
1433,国际友谊,2016-06-02 02:45,比利时,1-1,芬兰
1434,国际友谊,2015-11-14 03:45,比利时,3-1,意大利
1435,欧洲杯,2015-10-14 02:45,比利时,3-1,以色列
1436,欧洲杯,2015-10-11 02:45,安道尔,1-4,比利时
1437,欧洲杯,2015-09-07 02:45,塞浦路斯,0-1,比利时
1438,欧洲杯,2015-09-04 02:45,比利时,3-1,波黑
1439,欧洲杯,2015-06-13 02:45,威尔士,1-0,比利时
1440,欧洲杯,2015-04-01 02:45,以色列,0-1,比利时
1441,欧洲杯,2015-03-29 03:45,比利时,5-0,塞浦路斯
1442,欧洲杯,2014-11-17 01:00,比利时,0-0,威尔士
1443,欧洲杯,2014-10-14 02:45,波黑,1-1,比利时
1444,欧洲杯,2014-10-11 02:45,比利时,6-0,安道尔
1445,世界杯,2014-07-02 04:00,比利时,0-0,美国
1446,世界杯,2014-06-18 00:00,比利时,2-1,阿尔及利亚
1447,国际友谊,2014-06-08 02:45,比利时,1-0,突尼斯
1448,国际友谊,2014-05-27 02:45,比利时,5-1,卢森堡
1449,国际友谊,2014-03-06 03:45,比利时,2-2,科特迪瓦
1450,球会友谊,2013-11-20 04:00,比利时,2-3,日本
1451,欧洲预选,2013-10-16 03:00,比利时,1-1,威尔士
1452,欧洲预选,2013-09-07 03:00,苏格兰,0-2,比利时
1453,球会友谊,2013-05-30 08:15,美国,2-4,比利时
1454,欧洲预选,2013-03-27 03:45,比利时,1-0,马其顿
1455,欧洲预选,2013-03-23 03:45,马其顿,0-2,比利时
1456,球会友谊,2013-02-07 03:45,比利时,2-1,斯洛伐克
1457,球会友谊,2012-11-15 03:00,罗马尼亚,2-1,比利时
1458,欧洲预选,2012-10-17 02:45,比利时,2-0,苏格兰
1459,欧洲预选,2012-09-08 02:45,威尔士,0-2,比利时
1460,球会友谊,2012-08-16 02:45,比利时,4-2,荷兰
1461,球会友谊,2012-06-03 00:15,英格兰,1-0,比利时
1462,球会友谊,2012-05-26 02:45,比利时,2-2,黑山
1463,球会友谊,2012-03-01 03:30,希腊,1-1,比利时
1464,欧洲杯,2011-10-08 02:45,比利时,4-1,哈萨克斯坦
1465,欧洲杯,2011-09-02 23:59,阿塞拜疆,1-1,比利时
1466,欧洲预选,2017-10-08 23:59,立陶宛,0-1,英格兰
1467,欧洲预选,2017-10-06 02:45,英格兰,1-0,斯洛文尼亚
1468,欧洲预选,2017-09-05 02:45,英格兰,2-1,斯洛伐克
1469,欧洲预选,2017-09-02 02:45,马耳他,0-4,英格兰
1470,欧洲预选,2017-06-10 23:59,苏格兰,2-2,英格兰
1471,欧洲预选,2017-03-26 23:59,英格兰,2-0,立陶宛
1472,欧洲预选,2016-11-12 03:45,英格兰,3-0,苏格兰
1473,欧洲预选,2016-10-12 02:45,斯洛文尼亚,0-0,英格兰
1474,欧洲预选,2016-10-08 23:59,英格兰,2-0,马耳他
1475,欧洲预选,2016-09-04 23:59,斯洛伐克,0-1,英格兰
1476,欧洲杯,2016-06-21 03:00,斯洛伐克,0-0,英格兰
1477,欧洲杯,2016-06-16 21:00,英格兰,2-1,威尔士
1478,国际友谊,2016-05-23 00:15,英格兰,2-1,土耳其
1479,国际友谊,2016-03-30 03:00,英格兰,1-2,荷兰
1480,欧洲杯,2015-10-13 02:45,立陶宛,0-3,英格兰
1481,欧洲杯,2015-10-10 02:45,英格兰,2-0,爱沙尼亚
1482,欧洲杯,2015-09-05 23:59,圣马力诺,0-6,英格兰
1483,欧洲杯,2015-06-14 23:59,斯洛文尼亚,2-3,英格兰
1484,国际友谊,2015-06-07 20:00,爱尔兰,0-0,英格兰
1485,国际友谊,2015-04-01 02:45,意大利,1-1,英格兰
1486,欧洲杯,2015-03-28 03:45,英格兰,4-0,立陶宛
1487,国际友谊,2014-11-19 04:00,苏格兰,1-3,英格兰
1488,欧洲杯,2014-11-16 01:00,英格兰,3-1,斯洛文尼亚
1489,欧洲杯,2014-10-12 23:59,爱沙尼亚,0-1,英格兰
1490,欧洲杯,2014-10-10 02:45,英格兰,5-0,圣马力诺
1491,国际友谊,2014-09-04 03:00,英格兰,1-0,挪威
1492,世界杯,2014-06-15 06:00,英格兰,1-2,意大利
1493,国际友谊,2014-06-08 04:45,英格兰,0-0,洪都拉斯
1494,国际友谊,2014-06-05 03:00,厄瓜多尔,2-2,英格兰
1495,球会友谊,2013-11-16 04:00,英格兰,0-2,智利
1496,欧洲预选,2013-10-16 03:00,英格兰,2-0,波兰
1497,欧洲预选,2013-10-12 03:00,英格兰,4-1,黑山
1498,欧洲预选,2013-09-11 02:45,乌克兰,0-0,英格兰
1499,欧洲预选,2013-09-07 03:00,英格兰,4-0,摩尔多瓦
1500,球会友谊,2013-08-15 03:00,英格兰,3-2,苏格兰
1501,球会友谊,2013-05-30 03:00,英格兰,1-1,爱尔兰
1502,欧洲预选,2013-03-27 04:00,黑山,1-1,英格兰
1503,欧洲预选,2013-03-23 04:00,圣马力诺,0-8,英格兰
1504,欧洲预选,2012-10-17 23:00,波兰,1-1,英格兰
1505,欧洲预选,2012-10-13 03:00,英格兰,5-0,圣马力诺
1506,欧洲预选,2012-09-12 03:00,英格兰,1-1,乌克兰
1507,欧洲预选,2012-09-08 02:45,摩尔多瓦,0-5,英格兰
1508,球会友谊,2012-08-16 03:00,英格兰,2-1,意大利
1509,欧洲杯,2012-06-25 02:45,英格兰,0-0,意大利
1510,欧洲杯,2012-06-20 02:45,乌克兰,0-1,英格兰
1511,球会友谊,2012-05-27 02:45,挪威,0-1,英格兰
1512,球会友谊,2012-03-01 04:00,英格兰,2-3,荷兰
1513,欧洲杯,2011-10-08 03:00,黑山,2-2,英格兰
1514,欧洲杯,2011-09-07 02:45,英格兰,1-0,威尔士
1515,欧洲杯,2011-09-03 02:15,保加利亚,0-3,英格兰
1516,国际友谊,2017-11-15 03:45,威尔士,1-1,巴拿马
1517,北美预选,2017-10-07 07:35,美国,4-0,巴拿马
1518,北美预选,2017-09-06 10:05,巴拿马,3-0,特立尼达和多巴哥
1519,美金杯,2017-07-16 04:35,巴拿马,3-0,马提尼克
1520,美金杯,2017-07-13 06:35,尼加拉瓜,1-2,巴拿马
1521,美金杯,2017-07-09 04:45,美国,1-1,巴拿马
1522,北美预选,2017-06-14 09:35,巴拿马,2-2,洪都拉斯
1523,北美预选,2017-03-29 10:05,巴拿马,1-1,美国
1524,北美预选,2017-03-25 07:00,特立尼达和多巴哥,1-0,巴拿马
1525,中美杯,2017-01-21 10:05,巴拿马,1-0,萨尔瓦多
1526,中美杯,2017-01-18 10:00,巴拿马,0-1,洪都拉斯
1527,中美杯,2017-01-16 07:00,巴拿马,2-1,尼加拉瓜
1528,中美杯,2017-01-14 10:05,巴拿马,0-0,伯利兹
1529,北美预选,2016-11-12 04:35,洪都拉斯,0-1,巴拿马
1530,北美预选,2016-09-03 09:30,巴拿马,2-0,牙买加
1531,国际友谊,2016-08-11 09:30,巴拿马,0-0,危地马拉
1532,美洲杯,2016-06-15 08:00,智利,4-2,巴拿马
1533,美洲杯,2016-06-07 07:00,巴拿马,2-1,玻利维亚
1534,国际友谊,2016-05-25 09:30,巴拿马,0-0,委内瑞拉
1535,国际友谊,2016-04-28 08:00,马提尼克,0-2,巴拿马
1536,北美预选,2016-03-30 09:30,巴拿马,1-0,海地
1537,北美预选,2016-03-26 08:00,海地,0-0,巴拿马
1538,国际友谊,2016-03-16 09:30,尼加拉瓜,1-0,巴拿马
1539,国际友谊,2016-02-18 09:30,巴拿马,1-0,萨尔瓦多
1540,国际友谊,2016-01-09 09:35,巴拿马,4-0,古巴
1541,北美预选,2015-11-14 10:05,牙买加,0-2,巴拿马
1542,国际友谊,2015-10-09 09:35,巴拿马,1-2,特立尼达和多巴哥
1543,国际友谊,2015-09-09 05:25,委内瑞拉,1-1,巴拿马
1544,美金杯,2015-07-26 04:00,美国,1-1,巴拿马
1545,美金杯,2015-07-20 04:30,特立尼达和多巴哥,1-1,巴拿马
1546,美金杯,2015-07-14 09:45,美国,1-1,巴拿马
1547,美金杯,2015-07-11 06:00,洪都拉斯,1-1,巴拿马
1548,美金杯,2015-07-08 07:00,巴拿马,1-1,海地
1549,国际友谊,2015-06-07 05:00,厄瓜多尔,4-0,巴拿马
1550,国际友谊,2015-06-04 09:35,巴拿马,1-1,厄瓜多尔
1551,国际友谊,2015-03-28 07:00,特立尼达和多巴哥,0-1,巴拿马
1552,国际友谊,2015-02-09 05:00,美国,2-0,巴拿马
1553,国际友谊,2014-11-19 09:05,巴拿马,0-0,加拿大
1554,国际友谊,2014-11-15 09:05,萨尔瓦多,1-3,巴拿马
1555,中美杯,2014-09-14 09:00,萨尔瓦多,0-1,巴拿马
1556,中美杯,2014-09-11 06:05,巴拿马,2-0,尼加拉瓜
1557,北美预选,2013-10-16 09:30,巴拿马,2-3,美国
1558,北美预选,2013-09-11 09:00,洪都拉斯,2-2,巴拿马
1559,非洲预选,2017-11-12 01:30,突尼斯,0-0,利比亚
1560,非洲预选,2017-10-08 01:00,几内亚,1-4,突尼斯
1561,非洲预选,2017-09-06 01:30,刚果民主共和国,2-2,突尼斯
1562,非洲预选,2017-09-02 04:00,突尼斯,2-1,刚果民主共和国
1563,国际友谊,2017-03-25 02:00,突尼斯,0-1,喀麦隆
1564,非洲杯,2017-01-28 23:59,布基纳法索,2-0,突尼斯
1565,非洲杯,2017-01-24 03:00,津巴布韦,2-4,突尼斯
1566,非洲杯,2017-01-19 23:59,阿尔及利亚,1-2,突尼斯
1567,非洲杯,2017-01-16 03:00,突尼斯,0-2,塞内加尔
1568,国际友谊,2017-01-04 21:35,突尼斯,2-0,乌干达
1569,国际友谊,2016-12-31 03:30,巴斯克,3-1,突尼斯
1570,国际友谊,2016-12-29 01:45,加太罗尼亚,3-3,突尼斯
1571,国际友谊,2016-11-15 22:00,突尼斯,0-0,毛里塔尼亚
1572,非洲预选,2016-11-12 03:00,利比亚,0-1,突尼斯
1573,非洲预选,2016-10-10 01:00,突尼斯,2-0,几内亚
1574,非洲杯,2016-09-05 01:30,突尼斯,4-1,利比里亚
1575,非洲杯,2016-06-03 20:30,吉布提,0-3,突尼斯
1576,非洲杯,2016-03-29 23:00,多哥,0-0,突尼斯
1577,非洲杯,2016-03-26 01:00,突尼斯,1-0,多哥
1578,非国锦标,2016-01-31 21:00,突尼斯,1-2,马里
1579,非国锦标,2016-01-26 22:00,尼日尔,0-5,突尼斯
1580,非国锦标,2016-01-18 21:00,突尼斯,2-2,几内亚
1581,非洲预选,2015-11-18 01:00,突尼斯,2-1,毛里塔尼亚
1582,非国锦标,2015-10-20 01:00,突尼斯,1-0,利比亚
1583,国际友谊,2015-10-10 01:00,突尼斯,3-3,加蓬
1584,国际友谊,2015-03-31 19:35,中国,1-1,突尼斯
1585,麒麟杯,2015-03-27 18:40,日本,2-0,突尼斯
1586,非洲杯,2015-02-01 03:30,赤道几内亚,1-1,突尼斯
1587,非洲杯,2015-01-27 02:00,突尼斯,1-1,刚果民主共和国
1588,非洲杯,2015-01-22 23:59,突尼斯,2-1,赞比亚
1589,非洲杯,2015-01-19 03:00,佛得角,1-1,突尼斯
1590,国际友谊,2015-01-12 01:00,突尼斯,1-1,阿尔及利亚
1591,非洲杯,2014-11-15 00:30,博茨瓦纳,0-0,突尼斯
1592,非洲杯,2014-10-16 03:15,突尼斯,1-0,塞内加尔
1593,非洲杯,2014-10-11 04:00,塞内加尔,0-0,突尼斯
1594,非洲杯,2014-09-07 03:15,突尼斯,2-1,博茨瓦纳
1595,国际友谊,2014-03-06 02:00,哥伦比亚,1-1,突尼斯
1596,欧洲预选,2017-10-08 23:59,波兰,4-2,黑山
1597,欧洲预选,2017-10-05 23:59,阿美尼亚,1-6,波兰
1598,欧洲预选,2017-09-05 02:45,波兰,3-0,哈萨克斯坦
1599,欧洲预选,2017-06-11 02:45,波兰,3-1,罗马尼亚
1600,欧洲预选,2017-03-27 02:45,黑山,1-2,波兰
1601,国际友谊,2016-11-15 03:45,波兰,1-1,斯洛文尼亚
1602,欧洲预选,2016-11-12 03:45,罗马尼亚,0-3,波兰
1603,欧洲预选,2016-10-12 02:45,波兰,2-1,阿美尼亚
1604,欧洲预选,2016-09-04 23:59,哈萨克斯坦,2-2,波兰
1605,欧洲杯,2016-06-21 23:59,乌克兰,0-1,波兰
1606,欧洲杯,2016-06-12 23:59,波兰,1-0,北爱尔兰
1607,国际友谊,2016-06-06 23:59,波兰,0-0,立陶宛
1608,国际友谊,2016-06-02 02:45,波兰,1-2,荷兰
1609,国际友谊,2016-03-27 00:30,波兰,5-0,芬兰
1610,国际友谊,2015-11-18 03:45,波兰,3-1,捷克
1611,欧洲杯,2015-10-12 02:45,波兰,2-1,爱尔兰
1612,欧洲杯,2015-10-09 02:45,苏格兰,2-2,波兰
1613,欧洲杯,2015-09-08 02:45,波兰,8-1,直布罗陀
1614,国际友谊,2015-06-17 02:45,波兰,0-0,希腊
1615,欧洲杯,2015-06-13 23:59,波兰,4-0,格鲁吉亚
1616,欧洲杯,2015-03-30 02:45,爱尔兰,1-1,波兰
1617,欧洲杯,2014-11-15 01:00,格鲁吉亚,0-4,波兰
1618,欧洲杯,2014-10-15 02:45,波兰,2-2,苏格兰
1619,欧洲杯,2014-09-08 02:45,直布罗陀,0-7,波兰
1620,国际友谊,2014-06-06 23:30,波兰,2-1,立陶宛
1621,国际友谊,2014-03-06 03:45,波兰,0-1,苏格兰
1622,球会友谊,2013-11-20 03:45,波兰,0-0,爱尔兰
1623,欧洲预选,2013-10-12 02:00,乌克兰,1-0,波兰
1624,欧洲预选,2013-09-11 02:45,圣马力诺,1-5,波兰
1625,欧洲预选,2013-09-07 02:45,波兰,1-1,黑山
1626,欧洲预选,2013-06-08 02:15,摩尔多瓦,1-1,波兰
1627,欧洲预选,2013-03-27 03:45,波兰,5-0,圣马力诺
1628,欧洲预选,2013-03-23 03:45,波兰,1-3,乌克兰
1629,球会友谊,2013-02-07 03:45,爱尔兰,2-0,波兰
1630,欧洲预选,2012-09-12 02:45,波兰,2-0,摩尔多瓦
1631,欧洲预选,2012-09-08 02:30,黑山,2-2,波兰
1632,欧洲杯,2012-06-17 02:45,波兰,0-1,捷克
1633,欧洲杯,2012-06-08 23:59,波兰,1-1,希腊
1634,国际友谊,2017-11-14 19:35,中国,0-4,哥伦比亚
1635,南美预选,2017-10-06 07:30,哥伦比亚,1-2,巴拉圭
1636,南美预选,2017-09-01 05:00,委内瑞拉,0-0,哥伦比亚
1637,国际友谊,2017-06-14 02:30,喀麦隆,0-4,哥伦比亚
1638,南美预选,2017-03-29 05:00,厄瓜多尔,0-2,哥伦比亚
1639,南美预选,2017-03-24 04:30,哥伦比亚,1-0,玻利维亚
1640,南美预选,2016-11-11 04:30,哥伦比亚,0-0,智利
1641,南美预选,2016-10-07 07:30,巴拉圭,0-1,哥伦比亚
1642,南美预选,2016-09-02 04:30,哥伦比亚,2-0,委内瑞拉
1643,美洲杯,2016-06-26 08:00,美国,0-1,哥伦比亚
1644,美洲杯,2016-06-23 08:05,哥伦比亚,0-2,智利
1645,美洲杯,2016-06-08 10:30,哥伦比亚,2-1,巴拉圭
1646,美洲杯,2016-06-04 09:35,美国,0-2,哥伦比亚
1647,国际友谊,2016-05-30 05:00,哥伦比亚,3-1,海地
1648,南美预选,2016-03-30 04:30,哥伦比亚,3-1,厄瓜多尔
1649,南美预选,2016-03-25 04:00,玻利维亚,2-3,哥伦比亚
1650,南美预选,2015-11-13 07:30,智利,1-1,哥伦比亚
1651,美洲杯,2015-06-15 03:00,哥伦比亚,0-1,委内瑞拉
1652,国际友谊,2015-03-30 23:59,哥伦比亚,3-1,科威特
1653,国际友谊,2015-03-27 01:00,巴林,0-6,哥伦比亚
1654,国际友谊,2014-11-19 01:00,斯洛文尼亚,0-1,哥伦比亚
1655,国际友谊,2014-11-15 03:45,美国,1-2,哥伦比亚
1656,国际友谊,2014-10-15 09:30,加拿大,0-1,哥伦比亚
1657,国际友谊,2014-10-11 08:00,哥伦比亚,3-0,萨尔瓦多
1658,世界杯,2014-06-25 04:00,日本,1-4,哥伦比亚
1659,世界杯,2014-06-20 00:00,哥伦比亚,2-1,科特迪瓦
1660,世界杯,2014-06-15 00:00,哥伦比亚,3-0,希腊
1661,国际友谊,2014-06-07 07:00,哥伦比亚,3-0,约旦
1662,国际友谊,2014-06-01 05:00,哥伦比亚,2-2,塞内加尔
1663,球会友谊,2013-11-20 03:30,荷兰,0-0,哥伦比亚
1664,南美预选,2013-10-16 07:30,巴拉圭,1-2,哥伦比亚
1665,南美预选,2013-10-12 05:00,哥伦比亚,3-3,智利
1666,南美预选,2013-09-07 06:00,哥伦比亚,1-0,厄瓜多尔
1667,南美预选,2013-03-27 08:00,委内瑞拉,1-0,哥伦比亚
1668,南美预选,2013-03-23 04:00,哥伦比亚,5-0,玻利维亚
1669,南美预选,2012-10-13 04:30,哥伦比亚,2-0,巴拉圭
1670,南美预选,2012-09-12 03:30,智利,1-3,哥伦比亚
1671,南美预选,2012-06-11 05:00,厄瓜多尔,1-0,哥伦比亚
1672,南美预选,2011-11-12 08:00,哥伦比亚,1-1,委内瑞拉
1673,南美预选,2011-10-12 04:00,玻利维亚,1-2,哥伦比亚
1674,美洲杯,2011-07-11 03:00,哥伦比亚,2-0,玻利维亚
1675,非洲预选,2017-11-15 03:30,塞内加尔,2-1,南非
1676,非洲预选,2017-11-11 01:00,南非,0-2,塞内加尔
1677,非洲预选,2017-10-08 01:30,佛得角,0-2,塞内加尔
1678,西非杯,2017-09-20 02:00,塞内加尔,0-0,科特迪瓦
1679,西非杯,2017-09-18 02:00,塞内加尔,4-0,贝宁
1680,西非杯,2017-09-15 23:00,塞内加尔,1-2,尼日尔
1681,西非杯,2017-09-10 02:00,塞内加尔,0-0,利比里亚
1682,非洲预选,2017-09-06 02:00,布基纳法索,2-2,塞内加尔
1683,非洲预选,2017-09-03 04:00,塞内加尔,0-0,布基纳法索
1684,非国锦标,2017-07-23 01:00,塞内加尔,3-1,塞拉利昂
1685,非洲杯,2017-06-11 05:00,塞内加尔,3-0,赤道几内亚
1686,国际友谊,2017-03-28 02:05,科特迪瓦,1-1,塞内加尔
1687,非洲杯,2017-01-29 03:00,塞内加尔,0-0,喀麦隆
1688,非洲杯,2017-01-24 03:00,塞内加尔,2-2,阿尔及利亚
1689,非洲杯,2017-01-20 03:00,塞内加尔,2-0,津巴布韦
1690,国际友谊,2016-11-27 23:00,塞内加尔,2-1,布基纳法索
1691,非洲预选,2016-11-12 21:00,南非,2-1,塞内加尔
1692,非洲预选,2016-10-09 04:00,塞内加尔,2-0,佛得角
1693,非洲杯,2016-09-04 01:30,塞内加尔,2-0,纳米比亚
1694,国际友谊,2016-05-28 21:30,卢旺达,0-2,塞内加尔
1695,非洲杯,2016-03-27 03:00,塞内加尔,2-0,尼日尔
1696,非洲预选,2015-11-18 03:00,塞内加尔,3-0,马达加斯加
1697,国际友谊,2015-10-14 03:25,阿尔及利亚,1-0,塞内加尔
1698,国际友谊,2015-09-09 01:10,南非,1-0,塞内加尔
1699,非洲杯,2015-06-14 03:00,塞内加尔,3-1,布隆迪
1700,国际友谊,2015-03-29 03:45,加纳,1-2,塞内加尔
1701,非洲杯,2015-01-28 02:00,阿尔及利亚,2-0,塞内加尔
1702,非洲杯,2015-01-24 03:00,塞内加尔,1-1,南非
1703,非洲杯,2015-01-19 23:59,加纳,1-2,塞内加尔
1704,非洲杯,2014-11-20 03:00,塞内加尔,3-0,博茨瓦纳
1705,非洲杯,2014-09-11 01:00,博茨瓦纳,0-2,塞内加尔
1706,国际友谊,2014-05-25 23:00,科索沃,1-3,塞内加尔
1707,东亚杯,2017-12-12 18:20,日本,2-1,中国
1708,东亚杯,2017-12-09 18:15,日本,1-0,朝鲜
1709,麒麟杯,2017-10-10 18:30,日本,3-3,海地
1710,麒麟杯,2017-10-06 18:20,日本,2-1,新西兰
1711,亚洲预选,2017-06-13 20:25,伊拉克,1-1,日本
1712,麒麟杯,2017-06-07 18:25,日本,1-1,叙利亚
1713,亚洲预选,2017-03-28 18:35,日本,4-0,泰国
1714,亚洲预选,2017-03-23 23:30,阿联酋,0-2,日本
1715,国际友谊,2016-11-11 18:20,日本,4-0,阿曼
1716,亚洲预选,2016-10-06 18:35,日本,2-1,伊拉克
1717,亚洲预选,2016-09-06 20:15,泰国,0-2,日本
1718,亚洲预选,2016-09-01 18:35,日本,1-2,阿联酋
1719,麒麟杯,2016-06-07 18:30,日本,1-2,波黑
1720,麒麟杯,2016-06-03 18:40,日本,7-2,保加利亚
1721,亚洲预选,2016-03-29 18:30,日本,5-0,叙利亚
1722,亚洲预选,2016-03-24 18:30,日本,5-0,阿富汗
1723,亚洲预选,2015-11-17 20:15,柬埔寨,0-2,日本
1724,亚洲预选,2015-11-12 19:15,新加坡,0-3,日本
1725,亚洲预选,2015-10-08 21:00,叙利亚,0-3,日本
1726,亚洲预选,2015-09-03 18:25,日本,3-0,柬埔寨
1727,东亚杯,2015-08-09 20:10,中国,1-1,日本
1728,东亚杯,2015-08-02 18:20,朝鲜,2-1,日本
1729,亚洲预选,2015-06-16 18:30,日本,0-0,新加坡
1730,麒麟杯,2015-06-11 18:00,日本,4-0,伊拉克
1731,亚洲杯,2015-01-23 17:30,日本,1-1,阿联酋
1732,亚洲杯,2015-01-20 17:00,日本,2-0,约旦
1733,亚洲杯,2015-01-16 17:00,伊拉克,0-1,日本
1734,亚洲杯,2015-01-12 15:00,日本,4-0,巴勒斯坦
1735,国际友谊,2015-01-04 15:00,日本,2-0,奥克兰城
1736,国际友谊,2014-11-14 18:35,日本,6-0,洪都拉斯
1737,国际友谊,2014-10-10 18:25,日本,1-0,牙买加
1738,国际友谊,2014-09-09 18:20,日本,2-2,委内瑞拉
1739,世界杯,2014-06-20 06:00,日本,0-0,希腊
1740,世界杯,2014-06-15 09:00,科特迪瓦,2-1,日本
1741,国际友谊,2014-06-07 07:30,日本,4-3,赞比亚
1742,麒麟杯,2014-05-27 18:30,日本,1-0,塞浦路斯
1743,麒麟杯,2014-03-05 18:40,日本,4-2,新西兰
1744,球会友谊,2013-11-16 20:15,荷兰,2-2,日本
1745,洲际杯,2013-06-20 06:00,意大利,4-3,日本
1746,亚洲预选,2013-06-11 22:30,伊拉克,0-1,日本
1747,球会友谊,2013-05-30 18:20,日本,0-2,保加利亚
1748,亚洲预选,2013-03-26 22:00,约旦,2-1,日本
1749,球会友谊,2013-02-06 18:20,日本,3-0,拉脱维亚
1750,亚洲预选,2012-11-14 19:30,阿曼,1-2,日本
1751,亚洲预选,2012-09-11 18:30,日本,1-0,伊拉克
1752,亚洲预选,2012-06-08 18:30,日本,6-0,约旦
1753,亚洲预选,2012-06-03 18:30,日本,3-0,阿曼
